{
	"_sap_uxap_ObjectPageLayout_FooterHeight": "3rem",
	"_sap_uxap_ObjectPageLayout_FooterHeight_Compact": "2.5rem",
	"_sap_uxap_ObjectPageLayout_FooterMarginBottom": "0.5rem",
	"sapUiFiori3AnchorBarBottomShadow": "inset 0 -0.0625rem #436a7f",
	"sapUiFiori3ABUnderlineOffsetAndHeight": "0.188rem",
	"sapUiFiori3ABUnderlineTopRadius": "0.125rem",
	"sapUiFiori3HSBottomShadow": "inset 0 -0.0625rem #436a7f",
	"sapUiFiori3HSTopShadow": "0 0.0625rem 0 0 #355464",
	"sapUiFiori3HSUnderlineOffsetAndHeight": "0.188rem",
	"sapUiFiori3HSUnderlineTopRadius": "0.125rem",
	"sapUiFiori3HSArrowDimensions": "2.375rem",
	"sapUiFiori3AnchorBarTopShadow": "inset 0 0.0625rem #436a7f",
	"sapUiFiori3AnchorBarShadow": "inset 0 -0.0625rem #436a7f, 0 0.125rem 0.25rem 0 rgba(0,0,0,0.075)"
}