{
	"_sap_ui_layout_ColumnLayout_formColumnMaxXL": "6",
	"_sap_ui_layout_ColumnLayout_formColumnMaxL": "3",
	"_sap_ui_layout_ColumnLayout_formColumnMaxM": "2",
	"_sap_ui_layout_ColumnLayout_formColumnMaxS": "1",
	"_sap_ui_layout_ColumnLayout_formColumnElementCols": "12",
	"_sap_ui_layout_ColumnLayout_formColumnElementOneCol": "8.33333333%",
	"_sap_ui_layout_Form_FormContainerExpImageURL": "url(\"sap-icon://slim-arrow-right\")",
	"_sap_ui_layout_Form_FormContainerColImageURL": "url(\"sap-icon://slim-arrow-down\")",
	"_sap_ui_layout_FormLayout_FormTitleSize": "H4",
	"_sap_ui_layout_FormLayout_FormSubTitleSize": "H5",
	"_sap_ui_layout_Grid_RespGridCols": "12",
	"_sap_ui_layout_Grid_RespGridCols-1": "11",
	"_sap_ui_layout_Grid_RespGridOneCol": "8.33333333%",
	"_sap_ui_layout_Grid_RespGridMediaPhone": "sapUiRespGridMedia-Std-Phone",
	"_sap_ui_layout_Grid_RespGridMediaTablet": "sapUiRespGridMedia-Std-Tablet",
	"_sap_ui_layout_Grid_RespGridMediaDesktop": "sapUiRespGridMedia-Std-Desktop",
	"_sap_ui_layout_Grid_RespGridMediaXL": "sapUiRespGridMedia-Std-LargeDesktop",
	"_sap_ui_layout_Grid_RespGridMediaPhoneSize": "320px",
	"_sap_ui_layout_Grid_RespGridMediaTabletSize": "600px",
	"_sap_ui_layout_Grid_RespGridMediaDesktopSize": "1024px",
	"_sap_ui_layout_Grid_RespGridMediaXLSize": "1440px",
	"_sap_ui_layout_Grid_RespGridPxInRem": "16",
	"_sap_ui_layout_Grid_RespGridVisible": "sapUiRespGridVisible",
	"_sap_ui_layout_Grid_RespGridHidden": "sapUiRespGridHidden",
	"_sap_ui_layout_CSSGrid_RCLColumns": "S 4,M 8,ML 12,L 12,XL 16,XXL 20,XXXL 20",
	"_sap_ui_layout_ResponsiveSplitter_PaginatorHeight": "2.75rem",
	"_sap_ui_layout_ResponsiveSplitter_PaginatorButtonWidth": "2.25rem",
	"_sap_ui_layout_ResponsiveSplitter_PaginatorButtonHeight": "2.25rem",
	"_sap_ui_layout_ResponsiveSplitter_PaginatorButtonFocusBorderRadius": "inherit",
	"_sap_ui_layout_ResponsiveSplitter_PaginatorSelectedButton": "#99d9d9",
	"_sap_ui_layout_ResponsiveSplitter_PaginatorButtonActive": "#99d9d9",
	"_sap_ui_layout_ResponsiveSplitter_PaginatorButtonHoverShadow": "inset 0 0 0 0.0625rem rgba(104,162,185,0.25)",
	"_sap_ui_layout_Splitter_BarActiveDecorationColors": "#99d9d9, #99d9d9",
	"_sap_ui_layout_Splitter_BarDecorationColors": "#477085, transparent",
	"_sap_ui_layout_Splitter_BarBorder": "0.0625rem solid #477085",
	"_sap_ui_layout_Splitter_BarHoverIconBorderColor": "transparent",
	"_sap_ui_layout_Splitter_BarHoverIconBackground": "transparent",
	"_sap_ui_layout_Splitter_GripButtonColor": "#99d9d9",
	"_sap_ui_layout_BlockLayoutCell_background": "transparent",
	"_sap_ui_layout_BlockLayout_FontSizeLandXL": "2rem",
	"_sap_ui_layout_BlockLayout_BackgroundDashboardMargin": "0.75rem",
	"_sap_ui_layout_BlockLayout_BackgroundDashboardEdgeChildMargin": "1rem",
	"_sap_ui_layout_BlockLayout_BackgroundDashboardAfterScrollbarMargin": "0.75rem",
	"_sap_ui_layout_BlockLayout_BackgroundDashboardColor": "#355464",
	"_sap_ui_layout_BlockLayout_BackgroundDashboardBorderRadius": "0.5rem",
	"_sap_ui_layout_BlockLayout_BackgroundDashboardCellShadow": "0 0 0 0.0625rem rgba(255,255,255,0.35), 0 0.625rem 1.875rem 0 rgba(0,0,0,0.6)",
	"_sap_ui_layout_BlockLayout_BackgroundDashboardCellShadowOffset": "1.5rem",
	"_sap_ui_layout_BlockLayout_LinkTextShadow": "none",
	"_sap_ui_layout_BlockLayout_CellTextColor": "#ededed",
	"_sap_ui_layout_BlockLayout_BtpGrey1": "#1E2833",
	"_sap_ui_layout_BlockLayout_BtpGrey2": "#29394B",
	"_sap_ui_layout_BlockLayout_BtpGrey3": "#2F4763",
	"_sap_ui_layout_BlockLayout_BtpGrey4": "#415C76",
	"_sap_ui_layout_BlockLayout_BtpGrey7": "#92A2B1",
	"_sap_ui_layout_BlockLayout_BtpGrey9": "#C9CFD4",
	"_sap_ui_layout_BlockLayout_BtpTeal7": "#0AB592",
	"_sap_ui_layout_BlockLayout_BtpTeal9": "#6DE3C2",
	"_sap_ui_layout_BlockLayout_BtpBlue7": "#33A6FF",
	"_sap_ui_layout_BlockLayout_BtpBlue9": "#8DD8FF",
	"_sap_ui_layout_BlockLayout_BtpIndigo7": "#AC8DFF",
	"_sap_ui_layout_BlockLayout_BtpIndigo9": "#DCC4FF",
	"_sap_ui_layout_BlockLayout_BlockColorAccentType1A": "#2E2703",
	"_sap_ui_layout_BlockLayout_BlockColorAccentType1B": "#4A3502",
	"_sap_ui_layout_BlockLayout_BlockColorAccentType1C": "#5D4002",
	"_sap_ui_layout_BlockLayout_BlockColorAccentType1D": "#7A5102",
	"_sap_ui_layout_BlockLayout_BlockColorAccentType1E": "#D89101",
	"_sap_ui_layout_BlockLayout_BlockColorAccentType1F": "#F4CA55",
	"_sap_ui_layout_BlockLayout_BlockColorAccentType2A": "#570000",
	"_sap_ui_layout_BlockLayout_BlockColorAccentType2B": "#770606",
	"_sap_ui_layout_BlockLayout_BlockColorAccentType2C": "#8F0707",
	"_sap_ui_layout_BlockLayout_BlockColorAccentType2D": "#B50808",
	"_sap_ui_layout_BlockLayout_BlockColorAccentType2E": "#FF758C",
	"_sap_ui_layout_BlockLayout_BlockColorAccentType2F": "#FFBCD8",
	"_sap_ui_layout_BlockLayout_BlockColorAccentType3A": "#4E0536",
	"_sap_ui_layout_BlockLayout_BlockColorAccentType3B": "#6E064B",
	"_sap_ui_layout_BlockLayout_BlockColorAccentType3C": "#8A0152",
	"_sap_ui_layout_BlockLayout_BlockColorAccentType3D": "#AE0565",
	"_sap_ui_layout_BlockLayout_BlockColorAccentType3E": "#FF6FA0",
	"_sap_ui_layout_BlockLayout_BlockColorAccentType3F": "#FFBEC9",
	"_sap_ui_layout_BlockLayout_BlockColorAccentType4A": "#3A0962",
	"_sap_ui_layout_BlockLayout_BlockColorAccentType4B": "#580787",
	"_sap_ui_layout_BlockLayout_BlockColorAccentType4C": "#72009C",
	"_sap_ui_layout_BlockLayout_BlockColorAccentType4D": "#9700B7",
	"_sap_ui_layout_BlockLayout_BlockColorAccentType4E": "#F764F3",
	"_sap_ui_layout_BlockLayout_BlockColorAccentType4F": "#FFB9EF",
	"_sap_ui_layout_BlockLayout_BlockColorAccentType5A": "#231570",
	"_sap_ui_layout_BlockLayout_BlockColorAccentType5B": "#331C9F",
	"_sap_ui_layout_BlockLayout_BlockColorAccentType5C": "#4316CA",
	"_sap_ui_layout_BlockLayout_BlockColorAccentType5D": "#591FFA",
	"_sap_ui_layout_BlockLayout_BlockColorAccentType5E": "#AC8DFF",
	"_sap_ui_layout_BlockLayout_BlockColorAccentType5F": "#DCC4FF",
	"_sap_ui_layout_BlockLayout_BlockColorAccentType6A": "#0C225F",
	"_sap_ui_layout_BlockLayout_BlockColorAccentType6B": "#0E3382",
	"_sap_ui_layout_BlockLayout_BlockColorAccentType6C": "#003CA8",
	"_sap_ui_layout_BlockLayout_BlockColorAccentType6D": "#0052C4",
	"_sap_ui_layout_BlockLayout_BlockColorAccentType6E": "#33A6FF",
	"_sap_ui_layout_BlockLayout_BlockColorAccentType6F": "#8DD8FF",
	"_sap_ui_layout_BlockLayout_BlockColorAccentType7A": "#042C2B",
	"_sap_ui_layout_BlockLayout_BlockColorAccentType7B": "#054039",
	"_sap_ui_layout_BlockLayout_BlockColorAccentType7C": "#034F48",
	"_sap_ui_layout_BlockLayout_BlockColorAccentType7D": "#036559",
	"_sap_ui_layout_BlockLayout_BlockColorAccentType7E": "#0AB592",
	"_sap_ui_layout_BlockLayout_BlockColorAccentType7F": "#6DE3C2",
	"_sap_ui_layout_BlockLayout_BlockColorAccentType8A": "#0C2D16",
	"_sap_ui_layout_BlockLayout_BlockColorAccentType8B": "#164120",
	"_sap_ui_layout_BlockLayout_BlockColorAccentType8C": "#194F2A",
	"_sap_ui_layout_BlockLayout_BlockColorAccentType8D": "#226635",
	"_sap_ui_layout_BlockLayout_BlockColorAccentType8E": "#57B520",
	"_sap_ui_layout_BlockLayout_BlockColorAccentType8F": "#A4E058",
	"_sap_ui_layout_BlockLayout_BlockColorAccentType9A": "#062845",
	"_sap_ui_layout_BlockLayout_BlockColorAccentType9B": "#063D5B",
	"_sap_ui_layout_BlockLayout_BlockColorAccentType9C": "#074B66",
	"_sap_ui_layout_BlockLayout_BlockColorAccentType9D": "#06617D",
	"_sap_ui_layout_BlockLayout_BlockColorAccentType9E": "#00AFCF",
	"_sap_ui_layout_BlockLayout_BlockColorAccentType9F": "#61E6F6",
	"_sap_ui_layout_BlockLayout_BlockColorAccentType10A": "#1E2833",
	"_sap_ui_layout_BlockLayout_BlockColorAccentType10B": "#29394B",
	"_sap_ui_layout_BlockLayout_BlockColorAccentType10C": "#2F4763",
	"_sap_ui_layout_BlockLayout_BlockColorAccentType10D": "#415C76",
	"_sap_ui_layout_BlockLayout_BlockColorAccentType10E": "#92A2B1",
	"_sap_ui_layout_BlockLayout_BlockColorAccentType10F": "#C9CFD4",
	"_sap_ui_layout_BlockLayout_BlockColorAccentType11A": "transparent",
	"_sap_ui_layout_BlockLayout_BlockColorAccentType11B": "transparent",
	"_sap_ui_layout_BlockLayout_BlockColorAccentType11C": "transparent",
	"_sap_ui_layout_BlockLayout_BlockColorAccentType11D": "transparent",
	"_sap_ui_layout_BlockLayout_BlockColorAccentType11E": "transparent",
	"_sap_ui_layout_BlockLayout_BlockColorAccentType11F": "transparent",
	"css-param": "\"1A\"",
	"css-selector": "sapUiBlockLayoutCellColor1A",
	"color-param": "\"_sap_ui_layout_BlockLayout_BlockColorAccentType1A\""
}