{
	"_sap_ui_integration_AnalyticsCloud_ScrollBorder": "transparent",
	"_sap_ui_integration_Paginator_IconOutlineOffset": "0",
	"_sap_ui_integration_Paginator_BulletActiveBackground": "#99d9d9",
	"_sap_ui_integration_Paginator_BulletActiveBorder": "#99d9d9",
	"_sap_ui_integration_Paginator_BulletInactiveBackground": "#68a2b9",
	"_sap_ui_integration_Paginator_BulletInactiveBorderColor": "#68a2b9",
	"_sap_ui_integration_Paginator_BulletInactiveHoverBackground": "none",
	"_sap_ui_integration_Paginator_BulletInactiveWidth": "0.25rem",
	"_sap_ui_integration_Paginator_BulletInactivePadding": "0.375rem",
	"_sap_ui_integration_ListContentItem_BottomBorderHeight": "1px"
}