{
	"_sap_ui_unified_Calendar_sapUiCalItemType01": "#c35500",
	"_sap_ui_unified_Calendar_sapUiCalItemType02": "#d23a0a",
	"_sap_ui_unified_Calendar_sapUiCalItemType03": "#df1278",
	"_sap_ui_unified_Calendar_sapUiCalItemType04": "#840606",
	"_sap_ui_unified_Calendar_sapUiCalItemType05": "#cc00dc",
	"_sap_ui_unified_Calendar_sapUiCalItemType06": "#0057d2",
	"_sap_ui_unified_Calendar_sapUiCalItemType07": "#07838f",
	"_sap_ui_unified_Calendar_sapUiCalItemType08": "#188918",
	"_sap_ui_unified_Calendar_sapUiCalItemType09": "#5b738b",
	"_sap_ui_unified_Calendar_sapUiCalItemType10": "#7800a4",
	"_sap_ui_unified_Calendar_sapUiCalItemType11": "#a93e00",
	"_sap_ui_unified_Calendar_sapUiCalItemType12": "#aa2608",
	"_sap_ui_unified_Calendar_sapUiCalItemType13": "#ba066c",
	"_sap_ui_unified_Calendar_sapUiCalItemType14": "#8d2a00",
	"_sap_ui_unified_Calendar_sapUiCalItemType15": "#4e247a",
	"_sap_ui_unified_Calendar_sapUiCalItemType16": "#002a86",
	"_sap_ui_unified_Calendar_sapUiCalItemType17": "#035663",
	"_sap_ui_unified_Calendar_sapUiCalItemType18": "#1e592f",
	"_sap_ui_unified_Calendar_sapUiCalItemType19": "#1a4796",
	"_sap_ui_unified_Calendar_sapUiCalItemType20": "#470ced",
	"_sap_ui_unified_CalendarLegend_sapUiUnifiedLegendWorkingDay": "#fff",
	"_sap_ui_unified_CalendarLegend_sapUiUnifiedLegendNonWorkingDay": "#e6e6e6",
	"_sap_ui_unified_CalendarLegend_sapUiCalLegDayType01": "#c35500",
	"_sap_ui_unified_CalendarLegend_sapUiCalLegDayType02": "#d23a0a",
	"_sap_ui_unified_CalendarLegend_sapUiCalLegDayType03": "#df1278",
	"_sap_ui_unified_CalendarLegend_sapUiCalLegDayType04": "#840606",
	"_sap_ui_unified_CalendarLegend_sapUiCalLegDayType05": "#cc00dc",
	"_sap_ui_unified_CalendarLegend_sapUiCalLegDayType06": "#0057d2",
	"_sap_ui_unified_CalendarLegend_sapUiCalLegDayType07": "#07838f",
	"_sap_ui_unified_CalendarLegend_sapUiCalLegDayType08": "#188918",
	"_sap_ui_unified_CalendarLegend_sapUiCalLegDayType09": "#5b738b",
	"_sap_ui_unified_CalendarLegend_sapUiCalLegDayType10": "#7800a4",
	"_sap_ui_unified_CalendarLegend_sapUiCalLegDayType11": "#a93e00",
	"_sap_ui_unified_CalendarLegend_sapUiCalLegDayType12": "#aa2608",
	"_sap_ui_unified_CalendarLegend_sapUiCalLegDayType13": "#ba066c",
	"_sap_ui_unified_CalendarLegend_sapUiCalLegDayType14": "#8d2a00",
	"_sap_ui_unified_CalendarLegend_sapUiCalLegDayType15": "#4e247a",
	"_sap_ui_unified_CalendarLegend_sapUiCalLegDayType16": "#002a86",
	"_sap_ui_unified_CalendarLegend_sapUiCalLegDayType17": "#035663",
	"_sap_ui_unified_CalendarLegend_sapUiCalLegDayType18": "#1e592f",
	"_sap_ui_unified_CalendarLegend_sapUiCalLegDayType19": "#1a4796",
	"_sap_ui_unified_CalendarLegend_sapUiCalLegDayType20": "#470ced",
	"_sap_ui_unified_CalendarRow_sapUiCalendarRowAppsType01": "#c35500",
	"_sap_ui_unified_CalendarRow_sapUiCalendarRowAppsType02": "#d23a0a",
	"_sap_ui_unified_CalendarRow_sapUiCalendarRowAppsType03": "#df1278",
	"_sap_ui_unified_CalendarRow_sapUiCalendarRowAppsType04": "#840606",
	"_sap_ui_unified_CalendarRow_sapUiCalendarRowAppsType05": "#cc00dc",
	"_sap_ui_unified_CalendarRow_sapUiCalendarRowAppsType06": "#0057d2",
	"_sap_ui_unified_CalendarRow_sapUiCalendarRowAppsType07": "#07838f",
	"_sap_ui_unified_CalendarRow_sapUiCalendarRowAppsType08": "#188918",
	"_sap_ui_unified_CalendarRow_sapUiCalendarRowAppsType09": "#5b738b",
	"_sap_ui_unified_CalendarRow_sapUiCalendarRowAppsType10": "#7800a4",
	"_sap_ui_unified_CalendarRow_sapUiCalendarRowAppsType11": "#a93e00",
	"_sap_ui_unified_CalendarRow_sapUiCalendarRowAppsType12": "#aa2608",
	"_sap_ui_unified_CalendarRow_sapUiCalendarRowAppsType13": "#ba066c",
	"_sap_ui_unified_CalendarRow_sapUiCalendarRowAppsType14": "#8d2a00",
	"_sap_ui_unified_CalendarRow_sapUiCalendarRowAppsType15": "#4e247a",
	"_sap_ui_unified_CalendarRow_sapUiCalendarRowAppsType16": "#002a86",
	"_sap_ui_unified_CalendarRow_sapUiCalendarRowAppsType17": "#035663",
	"_sap_ui_unified_CalendarRow_sapUiCalendarRowAppsType18": "#1e592f",
	"_sap_ui_unified_CalendarRow_sapUiCalendarRowAppsType19": "#1a4796",
	"_sap_ui_unified_CalendarRow_sapUiCalendarRowAppsType20": "#470ced",
	"_sap_ui_unified_CalendarRow_sapUiCalendarRowAppsBackgroundType01": "#ffef9f",
	"_sap_ui_unified_CalendarRow_sapUiCalendarRowAppsBackgroundType02": "#feeae1",
	"_sap_ui_unified_CalendarRow_sapUiCalendarRowAppsBackgroundType03": "#fbf6f8",
	"_sap_ui_unified_CalendarRow_sapUiCalendarRowAppsBackgroundType04": "#fbebeb",
	"_sap_ui_unified_CalendarRow_sapUiCalendarRowAppsBackgroundType05": "#ffe5fe",
	"_sap_ui_unified_CalendarRow_sapUiCalendarRowAppsBackgroundType06": "#d1efff",
	"_sap_ui_unified_CalendarRow_sapUiCalendarRowAppsBackgroundType07": "#c2fcee",
	"_sap_ui_unified_CalendarRow_sapUiCalendarRowAppsBackgroundType08": "#f5fae5",
	"_sap_ui_unified_CalendarRow_sapUiCalendarRowAppsBackgroundType09": "#f5f6f7",
	"_sap_ui_unified_CalendarRow_sapUiCalendarRowAppsBackgroundType10": "#fff0fa",
	"_sap_ui_unified_CalendarRow_sapUiCalendarRowAppsBackgroundType11": "#fff8d6",
	"_sap_ui_unified_CalendarRow_sapUiCalendarRowAppsBackgroundType12": "#fff6f6",
	"_sap_ui_unified_CalendarRow_sapUiCalendarRowAppsBackgroundType13": "#f7ebef",
	"_sap_ui_unified_CalendarRow_sapUiCalendarRowAppsBackgroundType14": "#f1ecd5",
	"_sap_ui_unified_CalendarRow_sapUiCalendarRowAppsBackgroundType15": "#f0e7f8",
	"_sap_ui_unified_CalendarRow_sapUiCalendarRowAppsBackgroundType16": "#ebf8ff",
	"_sap_ui_unified_CalendarRow_sapUiCalendarRowAppsBackgroundType17": "#dafdf5",
	"_sap_ui_unified_CalendarRow_sapUiCalendarRowAppsBackgroundType18": "#ebf5cb",
	"_sap_ui_unified_CalendarRow_sapUiCalendarRowAppsBackgroundType19": "#fafdff",
	"_sap_ui_unified_CalendarRow_sapUiCalendarRowAppsBackgroundType20": "#fff0fa",
	"_sap_ui_unified_ColorPicker_CircleSize": "13px",
	"_sap_ui_unified_ColorPicker_commonsCircleSize": "8px",
	"_sap_ui_unified_Menu_ItmHeight": "2rem",
	"_sap_ui_unified_Menu_ItmPadding": "0.5rem",
	"_sap_ui_unified_Menu_ItmHeightCozy": "3rem",
	"_sap_ui_unified_Menu_ItmPaddingCozy": "1rem",
	"_sap_ui_unified_ShellHeader_CenterAnimDuration": "200ms",
	"_sap_ui_unified_ShellHeader_CenterAnimDelay": "30ms",
	"_sap_ui_unified_ShellHeader_ButtonOuterSpace": "4px",
	"_sap_ui_unified_ShellHeader_ButtonInnerSpace": "9px",
	"_sap_ui_unified_ShellHeader_ButtonOutlineWidth": "1px",
	"_sap_ui_unified_ShellHeader_ButtonSeparatorWidth": "1px",
	"_sap_ui_unified_ShellHeader_ButtonBorderRadius": "2px",
	"_sap_ui_unified_ShellHeader_BrandHeight": "4px",
	"_sap_ui_unified_ShellHeader_HeaderBarHeight": "44px",
	"_sap_ui_unified_ShellHeader_ButtonHeight": "36px",
	"_sap_ui_unified_ShellHeader_AnimDuration": "500ms",
	"_sap_ui_unified_ShellLayout_BrandHeight": "4px",
	"_sap_ui_unified_ShellLayout_HeaderBarHeight": "44px",
	"_sap_ui_unified_ShellLayout_HeadHeight": "48px",
	"_sap_ui_unified_ShellLayout_AnimDuration": "500ms",
	"_sap_ui_unified_ShellOverlay_AnimDuration": "525ms",
	"_sap_ui_unified_ShellOverlay_CntntOpenAnimDuration": "350ms",
	"_sap_ui_unified_ShellOverlay_CntntOpenAnimDelay": "75ms",
	"_sap_ui_unified_ShellOverlay_CntntCloseAnimDuration": "350ms",
	"_sap_ui_unified_ShellOverlay_CntntInnerOpenAnimDuration": "175ms",
	"_sap_ui_unified_ShellOverlay_CntntInnerOpenAnimDelay": "308.33333333ms",
	"_sap_ui_unified_ShellOverlay_CntntInnerCloseAnimDuration": "175ms",
	"_sap_ui_unified_ShellOverlay_CntntInnerCloseAnimDelay": "0",
	"_sap_ui_unified_ShellOverlay_CntntCloseAnimDelay": "175ms",
	"_sap_ui_unified_ShellOverlay_SearchOpenAnimDuration": "525ms",
	"_sap_ui_unified_ShellOverlay_SearchCloseAnimDuration": "525ms",
	"_sap_ui_unified_ShellOverlay_BlockLayerAnimDuration": "210ms",
	"_sap_ui_unified_ShellOverlay_OpenAnimOverAll": "483.33333333ms",
	"_sap_ui_unified_ShellOverlay_CloseAnimOverAll": "525ms",
	"_sap_ui_unified_ShellOverlay_HeaderBarHeight": "44px",
	"_sap_ui_unified_ShellOverlay_BrandHeight": "4px",
	"_sap_ui_unified_ShellOverlay_HeadHeight": "48px",
	"_sap_ui_unified_SplitContainer_AnimationDuration": "500ms",
	"_sap_ui_unified_Calendar_ItemColor": "#fefefe",
	"_sap_ui_unified_Calendar_ItemHoverColor": "#ededed",
	"_sap_ui_unified_Calendar_ItemBorderColor": "#fefefe",
	"_sap_ui_unified_Calendar_ItemWeekEndColor": "#eaeaea",
	"_sap_ui_unified_Calendar_ItemWeekEndHoverColor": "#ededed",
	"_sap_ui_unified_Calendar_ItemOtherMonthColor": "#68a2b9",
	"_sap_ui_unified_ShellLayout_CurtainBGStartColor": "rgba(254,254,254,0.97)",
	"_sap_ui_unified_ShellLayout_CurtainBGEndColor": "rgba(255,255,255,0.97)"
}