{
	"_sap_m_Badge_AttentionBackgroundColor": "#aa0808",
	"_sap_m_Popover_Scroll_Width_Buffer": "20px",
	"_sap_m_Avatar_Font_Size_XL": "3rem",
	"_sap_m_Avatar_Font_Size_L": "2.25rem",
	"_sap_m_Avatar_Font_Size_M": "1.5rem",
	"_sap_m_Avatar_Font_Size_S": "1.125rem",
	"_sap_m_Avatar_Font_Size_XS": "1rem",
	"_sap_m_Avatar_Hover_Box_Shadow_Offset": "0px 0px 0px 0.0625rem",
	"css-selector": "sapFAvatarColorAccent@{accentIndex}",
	"color-param": "sapUiAvatar@{accentIndex}TextColor",
	"border-param": "sapAvatar_@{accentIndex}_TextColor",
	"background-param": "sapUiAvatar@{accentIndex}Background",
	"_sap_m_Bar_AppHeight": "3333px",
	"_sap_m_Bar_HeaderHeight": "68px",
	"_sap_m_Bar_MinHeightForHeader": "3401px",
	"_sap_m_Breadcrumbs_MinWidth_OFT": "1px",
	"_sap_m_BusyDialog_IndicatorMargin": "1.5rem 0",
	"_sap_m_BusyDialog_IndicatorMarginCompact": "1.5rem 0",
	"_sap_m_Carousel_BackgroundColorSolid": "#fefefe",
	"_sap_m_Carousel_BackgroundColorTransparent": "transparent",
	"_sap_m_Carousel_BackgroundColorTranslucent": "#f7f7f7",
	"_sap_m_Carousel_MinWidth": "15.5rem",
	"_sap_m_Carousel_ControlsNoArrowsHeight": "2.75rem",
	"_sap_m_Carousel_NumericIndicatorTextColor": "#001628",
	"_sap_m_Carousel_PrevAndNextSize": "2.125rem",
	"_sap_m_Carousel_PrevAndNextPosition": "0.5rem",
	"_sap_m_Carousel_PrevAndNextFocusBorderRadius": "inherit",
	"_sap_m_Carousel_PageIndicatorContainerPadding": "0.5rem",
	"_sap_m_Carousel_PageIndicatorWidthSizeS": "9rem",
	"_sap_m_Carousel_PageIndicatorWidthSizeM": "9rem",
	"_sap_m_Carousel_PageIndicatorWidthSizeL": "9rem",
	"_sap_m_Carousel_PageIndicatorWidthSizeXL": "9rem",
	"_sap_m_Carousel_ContentArrowBoxShadow": "0 0 0 0.0625rem rgba(34,53,72,0.48), 0 0.125rem 0.5rem 0 rgba(34,53,72,0.3)",
	"_sap_m_Carousel_BulletInactiveBackground": "#969696",
	"_sap_m_Carousel_BulletInactiveBorderColor": "#969696",
	"_sap_m_Carousel_BulletActiveBackground": "#68a2b9",
	"_sap_m_Carousel_BulletActiveBorder": "#68a2b9",
	"_sap_m_Carousel_BulletInactiveWidth": "0.25rem",
	"_sap_m_Carousel_BulletInactiveMargin": "0 0.375rem",
	"_sap_m_Carousel_FocusBorderOffsetArrow": "-0.125rem",
	"_sap_m_Carousel_ContrastFocusBorder": ".125rem solid #fff",
	"_sap_m_Carousel_FocusBorder": ".125rem solid #355464",
	"_sap_m_table_SelectionControlWidth": "2.75rem",
	"_sap_m_ColorPalette_SwatchesPerRow": "5",
	"_sap_m_ColorPalette_SwatchContainerPaddingLeftRightCozy": "0.6875rem",
	"_sap_m_ColorPalette_SwatchContainerPaddingTopBottomCozy": "0.3125rem",
	"_sap_m_ColorPalette_SwatchWidthHitAreaCozy": "2.375rem",
	"_sap_m_ColorPalette_SwatchWidthCozy": "1.75rem",
	"_sap_m_ColorPalette_SwatchContainerPaddingLeftRightCompact": "0.8125rem",
	"_sap_m_ColorPalette_SwatchContainerPaddingTopBottomCompact": "0.1875rem",
	"_sap_m_ColorPalette_SwatchWidthHitAreaCompact": "1.75rem",
	"_sap_m_ColorPalette_SwatchWidthCompact": "1.25rem",
	"_sap_m_ColorPalette_SwatchContainerPaddingLeftRightPhone": "0.625rem",
	"_sap_m_ColorPalette_SwatchContainerPaddingTopBottomPhone": "0.375rem",
	"_sap_m_ColorPalette_SwatchMaxWidthPhone": "4.5rem",
	"_sap_m_ColorPalette_SwatchMarginPhone": "0.375rem",
	"_sap_m_Dialog_VerticalMargin": "3%",
	"_sap_m_Dialog_BarHeight": "2.75rem",
	"_sap_m_Dialog_BarCompactHeight": "2.5rem",
	"_sap_m_Dialog_SubHeaderHeight": "3rem",
	"_sap_m_Dialog_SubHeaderCompactHeight": "2.25rem",
	"_sap_m_Dialog_InfoDesignBarHeight": "2rem",
	"_sap_m_Dialog_Padding": "1rem",
	"_sap_m_Dialog_NoStateHeaderShadow": "0 0.125rem 0.125rem 0 rgba(34,53,72,0.05), inset 0 -0.0625rem 0 0 #d8d8d8",
	"_sap_m_Dialog_SuccessHeaderShadow": "inset 0 -0.0625rem #30914c, 0 0.125rem 0.125rem 0 rgba(34,53,72,0.05), inset 0 -0.0625rem 0 0 #d8d8d8",
	"_sap_m_Dialog_ErrorHeaderShadow": "inset 0 -0.0625rem #e90b0b, 0 0.125rem 0.125rem 0 rgba(34,53,72,0.05), inset 0 -0.0625rem 0 0 #d8d8d8",
	"_sap_m_Dialog_WarningHeaderShadow": "inset 0 -0.0625rem #dd6100, 0 0.125rem 0.125rem 0 rgba(34,53,72,0.05), inset 0 -0.0625rem 0 0 #d8d8d8",
	"_sap_m_Dialog_InformationHeaderShadow": "inset 0 -0.0625rem #2685d9, 0 0.125rem 0.125rem 0 rgba(34,53,72,0.05), inset 0 -0.0625rem 0 0 #d8d8d8",
	"_sap_m_Dialog_HeaderFocusBorderRadius": ".75rem",
	"_sap_m_Dialog_HeaderFocusBorderBottomOffset": "0.125rem",
	"_sap_m_Dialog_HeaderFocusBorderTopOffset": "0.0625rem",
	"_sap_m_Dialog_HeaderFocusBorderLeftOffset": "0.0625rem",
	"_sap_m_Dialog_HeaderFocusBorderRightOffset": "0.0625rem",
	"sapMGenericTagBorderWidth": "0.375rem",
	"sapMGenericTagPaddingLeft": "0.25rem",
	"sapMGenericTagStatusIconWidth": "1rem",
	"sapMGenericTagIconPaddingRight": "0.375rem",
	"sapMGenericTagTextMinWidth": "1.5625rem",
	"sapMGenericTagHeightCompact": "1.625rem",
	"sapMGenericTagHeightCozy": "1.625rem",
	"_sap_m_IconTabBar_TextColor": "#001628",
	"_sap_m_IconTabBar_TextShadow": "none",
	"_sap_m_IconTabBar_DisabledOpacity": "0.4",
	"_sap_m_IconTabBar_Separator_Icon": "#969696",
	"_sap_m_IconTabBar_Separator_Font_Size": "1rem",
	"_sap_m_IconTabBar_More_Button_Focus_Offset": "-0.3125rem",
	"_sap_m_IconTabBar_Arrow_SubItem_Left_Padding": "0.5rem",
	"_sap_m_IconTabBar_More_Button_Border_Radius": "inherit",
	"_sap_m_IconTabBar_HeaderMinHeight": "2.75rem",
	"_sap_m_IconTabBar_ContentArrowBorderWidth": "0.1875rem",
	"_sap_m_IconTabBar_ContentArrowHeight": "0.875rem",
	"_sap_m_IconTabBar_InLineFilterMargin": "0.875rem 0 0 0",
	"_sap_m_IconTabBar_InLineTextOnlyVerticalHeight": "2.75rem",
	"_sap_m_IconTabBar_InLineTextOnlyContentArrowHeight": "0.875rem",
	"_sap_m_IconTabBar_TextOnlyTabPadding": "0 0 0.125rem 0",
	"_sap_m_IconTabBar_TextOnlyVerticalHeight": "3rem",
	"_sap_m_IconTabBar_NoTextFilterWidth": "3.125rem",
	"_sap_m_IconTabBar_NoTextVerticalHeight": "3.75rem",
	"_sap_m_IconTabBar_NoTextVerticalContentArrowHeight": "1rem",
	"_sap_m_IconTabBar_AllTabHeight": "2.875rem",
	"_sap_m_IconTabBar_AllTabLineHeight": "2.875rem",
	"_sap_m_IconTabBar_AllTabMarginBottom": "0.375rem",
	"_sap_m_IconTabBar_HorizontalFilterHeight": "3.75rem",
	"_sap_m_IconTabBar_HorizontalTabHeight": "2.75rem",
	"_sap_m_IconTabBar_HorizontalWrapperHeight": "2.75rem",
	"_sap_m_IconTabBar_HorizontalTabWidth": "3.125rem",
	"_sap_m_IconTabBar_HorizontalCountTop": "0.375rem",
	"_sap_m_IconTabBar_HorizontalTextPaddingTop": "0.375rem",
	"_sap_m_IconTabBar_HorizontalTextPaddingLeft": "0.125rem",
	"_sap_m_IconTabBar_VerticalHeight": "4.625rem",
	"_sap_m_IconTabBar_VerticalContentArrowHeight": "0.625rem",
	"_sap_m_IconTabBar_FilterIconHeight": "2.75rem",
	"_sap_m_IconTabBar_FilterIconWidth": "2.75rem",
	"_sap_m_IconTabBar_FilterTextLineHeight": "0.875rem",
	"_sap_m_IconTabBar_SeparatorHeight": "2rem",
	"_sap_m_IconTabBar_SeparatorMargin": "0.75rem 0.25rem 0",
	"_sap_m_IconTabBar_TextOnlySeparatorMargin": "0.375rem 0.25rem 0.375rem",
	"_sap_m_IconTabBar_TextOnlySeparatorMarginCompact": "0.375rem 0.25rem 0.375rem",
	"_sap_m_IconTabBar_SeparatorIconHeight": "2.75rem",
	"__sap_m_IconTabBar_SeparatorIconLineHeight": "2.75rem",
	"_sap_m_IconTabBar_HeaderBackground": "#fefefe",
	"_sap_m_IconTabBar_HeaderBackgroundTranslucent": "#fefefe",
	"_sap_m_IconTabBar_HeaderBorderBottom": "none",
	"_sap_m_IconTabBar_HeaderShadow": "0 0.125rem 0.125rem 0 rgba(34,53,72,0.05), inset 0 -0.0625rem 0 0 #d8d8d8",
	"_sap_m_IconTabBar_ContentBackground": "#f7f7f7",
	"_sap_m_IconTabBar_ContentBackgroundTranslucent": "#fefefe",
	"_sap_m_IconTabBar_Compact_NoTextContentArrowHeight": "1rem",
	"_sap_m_IconTabBar_Compact_ContentArrowHeight": "1rem",
	"_sap_m_IconTabBar_Compact_NoTextContentArrowWidth": "2.375rem",
	"_sap_m_IconTabBar_Compact_InLineVerticalTabHeight": "2.75rem",
	"_sap_m_IconTabBar_Compact_InLineFilterTextMargin": "0.875rem 0 0 0",
	"_sap_m_IconTabBar_Compact_TextOnlyContentArrowHeight": "0.625rem",
	"_sap_m_IconTabBar_Compact_TextOnlyVerticalHeight": "3rem",
	"_sap_m_IconTabBar_Compact_TextOnlyTabPadding": "0 0 0.125rem 0",
	"_sap_m_IconTabBar_Compact_TextOnlyHeadPadding": "0 0.925rem 0 0.1875rem",
	"_sap_m_IconTabBar_Compact_TextOnlyTextLineHeight": "1rem",
	"_sap_m_IconTabBar_Compact_TextOnlyTextPadding": "0",
	"_sap_m_IconTabBar_Compact_NoTextTabWidth": "2.375rem",
	"_sap_m_IconTabBar_Compact_NoTextVerticalHeight": "3rem",
	"_sap_m_IconTabBar_Compact_HorizontalHeight": "3rem",
	"_sap_m_IconTabBar_Compact_HorizontalContentArrowHeight": "1rem",
	"_sap_m_IconTabBar_Compact_VerticalHeight": "3.875rem",
	"_sap_m_IconTabBar_Compact_FilterTextPadding": "0.375rem 0 0",
	"_sap_m_IconTabBar_Compact_HorizontalFocusBottom": "1rem",
	"_sap_m_IconTabBar_Overflow_BorderRadius": "0.75rem",
	"_sap_m_IconTabBar_Overflow_BackgroundColor": "#fff",
	"_sap_m_IconTabBar_Overflow_Border": "1px solid #c4c4c4",
	"_sap_m_IconTabBar_Overflow_TextColor": "#001628",
	"_sap_m_IconTabBar_Overflow_Icon_Color": "#001628",
	"_sap_m_IconTabBar_Overflow_BorderColorHover": "#c4c4c4",
	"_sap_m_IconTabBar_Overflow_BackgroundColorHover": "#ededed",
	"_sap_m_IconTabBar_Overflow_TextColorHover": "#001628",
	"_sap_m_IconTabBar_Overflow_Icon_ColorHover": "#001628",
	"_sap_m_IconTabBar_Overflow_BoxShadowHover": "none",
	"_sap_m_IconTabBar_Overflow_BackgroundColorPressed": "#fff",
	"_sap_m_IconTabBar_Overflow_BorderColorPressed": "#6b6b6b",
	"_sap_m_IconTabBar_Overflow_TextColorPressed": "#6b6b6b",
	"_sap_m_IconTabBar_Overflow_Icon_ColorPressed": "#6b6b6b",
	"_sap_m_IconTabBar_Phone_TextOnlyContentArrowHeight": "0.5rem",
	"_sap_m_IconTabBar_Phone_Compact_TextOnlyContentArrowHeight": "0.75rem",
	"_sap_m_IconTabBar_ShellHeaderShadow": "0 0.125rem 0.125rem 0 rgba(34,53,72,0.15), inset 0 -0.0625rem 0 0 rgba(34,53,72,0.2)",
	"_sap_m_IconTabBar_ShellContentArrowHeight": "0.1875rem",
	"_sap_m_IconTabBar_ShellTextColor": "#fefefe",
	"_sap_m_IconTabBar_ShellSelectedTextColor": "#fefefe",
	"_sap_m_IconTabBar_ShellButtonOutlineColor": "#fff",
	"_sap_m_IconTabBar_ShellOverflowBorderColor": "transparent",
	"_sap_m_IconTabBar_ShellOverflowHoverBorderColor": "transparent",
	"_sap_m_IconTabBar_ShellOverflowPressedBorderColor": "#355464",
	"_sap_m_IconTabBar_HeaderFocusBorderTopOffset": "-4px",
	"_sap_m_IconTabBar_HeaderFocusBorderBottomOffset": "-4px",
	"_sap_m_IconTabBar_HeaderFocusBorderRightOffset": "-3px",
	"_sap_m_IconTabBar_HeaderFocusBorderLeftOffset": "-3px",
	"_sap_m_IconTabBar_HeaderBorderRadius": "0.25rem",
	"_sap_m_IconTabBar_FilterExpandButtonBadgeTop": "1.125rem",
	"_sap_m_IconTabBar_Compact_FilterExpandButtonBadgeTop": "1.125rem",
	"_sap_m_IconTabBar_Badge_Neutral_Background": "#8a8a8a",
	"_sap_m_IconTabBar_Badge_Positive_Background": "#30914c",
	"_sap_m_IconTabBar_Badge_Critical_Background": "#e76500",
	"_sap_m_IconTabBar_Badge_Negative_Background": "#f53232",
	"_sap_m_IconTabBar_SelectListItem_PaddingLeft": "0.5rem",
	"_sap_m_IconTabBar_SelectListItem_PaddingLeftAdditional": "0",
	"_sap_m_IconTabBar_ListBorderRadius": "0px",
	"_sap_m_IconTabBar_List_Focus_Offset": "2px",
	"_sap_m_InputBase_InnerMinWidth": "2.75rem",
	"_sap_m_InputBase_InnerPadding": "0 0.625rem",
	"_sap_m_InputBase_DisabledOpacity": "0.4",
	"_sap_m_InputBase_IconLineHeight": "2.25rem",
	"_sap_m_InputBase_IconWidth": "2.25rem",
	"_sap_m_InputBase_Compact_IconWidth": "2rem",
	"_sap_m_InputBase_IconMinWidth": "2rem",
	"_sap_m_InputBaseWrapper_Sum_Border": "0",
	"_sap_m_InputBase_InnerMinWidth_Compact": "2rem",
	"_sap_m_InputBase_Compact_InnerPadding": "0 0.5rem",
	"_sap_m_InputBase_FocusOffset": "0px",
	"_sap_m_InputBase_FocusOffset_Busy": "0px",
	"_sap_m_InputBase_FocusBorderRadius": "0.25rem",
	"_InputBase_Control_MinWidth": "2.75rem",
	"_InputBase_Control_OneIcon_MinWidth": "5rem",
	"_InputBase_Control_TwoIcons_MinWidth": "7.25rem",
	"_InputBase_Control_State_MinWidth": "2.75rem",
	"_InputBase_Control_TwoIcons_State_MinWidth": "7.25rem",
	"_InputBase_Control_OneIcon_State_MinWidth": "5rem",
	"_InputBase_Control_MinWidth_Compact": "2rem",
	"_InputBase_Control_OneIcon_MinWidth_Compact": "4rem",
	"_InputBase_Control_TwoIcons_MinWidth_Compact": "6rem",
	"_InputBase_Control_State_MinWidth_Compact": "2rem",
	"_InputBase_Control_TwoIcons_State_MinWidth_Compact": "6rem",
	"_InputBase_Control_OneIcon_State_MinWidth_Compact": "4rem",
	"_sap_m_LightBox_MinHeight": "18rem",
	"_sap_m_LightBox_FooterOneLineHeightCompact": "2.5rem",
	"_sap_m_LightBox_FooterTwoLinesHeightCompact": "3.5rem",
	"_sap_m_LightBox_FooterOneLineHeightCozy": "3rem",
	"_sap_m_LightBox_FooterTwoLinesHeightCozy": "3.5rem",
	"_sap_m_LightBox_TitleSectionPadding": "1rem",
	"_sap_m_LightBox_TitleSectionPaddingTwoLines": "0.5rem",
	"_sap_m_LightBox_BusyIndicatorHeight": "1rem",
	"_sap_m_LightBox_SubtitleMarginTop": "0.25rem",
	"_sap_m_LightBox_OverlayBackground": "#000",
	"_sap_m_LightBox_ContainerBackground": "#fefefe",
	"_sap_m_LightBox_OverlayOpacity": "0.2",
	"_sap_m_LightBox_FontFamily": "\"72-Bold\", \"72-Boldfull\", \"72\", \"72full\", Arial, Helvetica, sans-serif",
	"_sap_m_ListItemBase_DeleteIcon": "decline",
	"_sap_m_ListItemBase_ButtonMarginTop": "0",
	"_sap_m_ListItemBase_Highlight_InformationColor": "#2685d9",
	"_sap_m_ListItemBase_Navigated": "#68a2b9",
	"_sap_m_ListItemBase_Detail_Delete_MarginLeft": "0.125rem",
	"_sap_m_ListItemBase_Focus_Outline": ".125rem solid #355464",
	"_sap_m_ListItemBase_Focus_OffsetWithGap": "calc(-0.125rem - 0.0625rem)",
	"_sap_m_MessageBox_HeaderShadow": "inset 0 -0.0625rem",
	"_sap_m_MessageBox_InformationShadow": "inset 0 -0.0625rem #2685d9, 0 0.125rem 0.125rem 0 rgba(34,53,72,0.05), inset 0 -0.0625rem 0 0 #d8d8d8",
	"_sap_m_MessageBox_WarningShadow": "inset 0 -0.0625rem #dd6100, 0 0.125rem 0.125rem 0 rgba(34,53,72,0.05), inset 0 -0.0625rem 0 0 #d8d8d8",
	"_sap_m_MessageBox_ErrorShadow": "inset 0 -0.0625rem #e90b0b, 0 0.125rem 0.125rem 0 rgba(34,53,72,0.05), inset 0 -0.0625rem 0 0 #d8d8d8",
	"_sap_m_MessageBox_SuccessShadow": "inset 0 -0.0625rem #30914c, 0 0.125rem 0.125rem 0 rgba(34,53,72,0.05), inset 0 -0.0625rem 0 0 #d8d8d8",
	"_sap_m_MessageBox_QuestionShadow": "inset 0 -0.0625rem #8a8a8a",
	"_sap_m_MessageView_DescIcon_Width": "1rem",
	"_sap_m_InputWithTokens_TokenizerMinWidth": "3.25rem",
	"_InputBase_Control_Tokens_MinWidth": "8.25rem",
	"_InputBase_Control_Tokens_ReadOnly_MinWidth": "6rem",
	"_InputBase_Control_Tokens_State_MinWidth": "8.25rem",
	"_InputBase_Control_Tokens_MinWidth_Compact": "7.25rem",
	"_InputBase_Control_Tokens_ReadOnly_MinWidth_Compact": "5.25rem",
	"_InputBase_Control_Tokens_State_MinWidth_Compact": "7.25rem",
	"_sap_m_NotificationListGroup_Background": "#fefefe",
	"_sap_m_NotificationListGroup_HeaderColor": "#001628",
	"_sap_m_NotificationListBase_ItemBackground": "#fefefe",
	"_sap_m_NotificationListBase_ItemGroupedBackground": "#fefefe",
	"sapMONInformativeElement": "#2685d9",
	"_sap_m_Page_AppHeight": "3333px",
	"_sap_m_Page_HeaderHeight": "68px",
	"_sap_m_Page_MinHeightForHeader": "3401px",
	"_sap_m_Page_FloatinFooterHeight": "2.75rem",
	"_sap_m_Page_FloatinFooterHeight_Compact": "2.5rem",
	"_sap_m_Page_FloatingFooterMarginBottom": "0.5rem",
	"_sap_m_PlanningCalendarHeader_Background": "#fefefe",
	"_sap_m_Popover_ForceCompactArrowOffset": "true",
	"_sap_m_Popover_ArrowOffset": "8",
	"sapMPIPopoverCloseIconWidth": "1.4375rem",
	"sapMPIPopoverCloseIconHeight": "1.375rem",
	"sapMPIPopoverCloseIconMargin": "0.125rem",
	"sapMPITextLeftTextThreshold": "0.65",
	"_sap_m_QuickView_HorizontalLayoutMarginBottom": "0.75rem",
	"_sap_m_QuickView_HorizontalLayoutIconFontSize": "1.5rem",
	"_sap_m_QuickView_PagePaddingTop": "2.75rem",
	"_sap_m_QuickView_TitleMaxHeight": "2.125rem",
	"_sap_m_QuickViewCard_PagePadding": "1rem",
	"_sap_m_QuickView_TitleMarginBottom": "0.25rem",
	"_sap_m_QuickView_TitleFontSize": ".875rem",
	"_sap_m_QuickView_FormTitleFontSize": ".875rem",
	"_sap_m_Radio_Button_Read_Only_fill": "#000509",
	"_sap_m_RadioButtonGroup_WidthWithLabel": "2.75rem",
	"_sap_m_RadioButtonGroup_PaddingLeftLabel": "2.75rem",
	"_sap_m_RadioButtonGroup_PaddingLeftLabel_Form": "2.1875rem",
	"_sap_m_SearchField_Height": "2.75rem",
	"_sap_m_SearchField_ButtonSize": "2.25rem",
	"_sap_m_SearchField_ButtonFontSize": "1rem",
	"_sap_m_SearchField_CompactButtonLineHeight": "1.625rem",
	"_sap_m_SearchField_Compact_FormPaddingLeft": "0.5rem",
	"_sap_m_SearchField_ResetIcon": "\"\\e03e\"",
	"_sap_m_SearchField_SearchIcon": "\"\\e00d\"",
	"_sap_m_SearchField_PlaceholderColor": "#68a2b9",
	"_sap_m_SearchField_Border": "none",
	"_sap_m_SearchField_FocusOffset": "0",
	"_sap_m_SearchField_FocusBorderRadius": "inherit",
	"_sap_m_SearchField_PlaceholderFontStyle": "italic",
	"_sap_m_SearchField_ActiveBackgroundStyle": "0 100% / 100% .0625rem no-repeat linear-gradient(0deg, #757575, #757575) border-box",
	"_sap_m_SelectList_ItemHeight": "2.5rem",
	"_sap_m_SelectList_ItemCompactHeight": "2rem",
	"_sap_m_SuggestionsPopover_ItemMinHeight": "2.5rem",
	"_sap_m_SuggestionsPopover_ItemMinHeightCompact": "2rem",
	"_sap_m_SuggestionsPopover_GroupItemHeight": "2.75rem",
	"_sap_m_SuggestionsPopover_GroupItemHeightCompact": "2.75rem",
	"_sap_m_SuggestionsPopover_TabularItemHeight": "2.5rem",
	"_sap_m_SuggestionsPopover_TabularItemHeightCompact": "2rem",
	"_sap_m_SuggestionsPopover_TabularGroupItemHeight": "2.5rem",
	"_sap_m_SuggestionsPopover_TabularGroupItemHeightCompact": "2rem",
	"_sap_m_Shell_AppWidthLimit": "1280px",
	"_sap_m_Shell_AppWidthLimitBy2": "640px",
	"_sap_m_Shell_AppWidthLimitPlusPadding": "1296px",
	"_sap_m_Shell_AppHeight": "3333px",
	"_sap_m_Shell_HeaderHeight": "68px",
	"_sap_m_Shell_MinHeightForHeader": "3401px",
	"_sap_m_Shell_MinWidthForLogoAside": "1480px",
	"_sap_m_Shell_MinWidthForBigLogoAside": "1680px",
	"_sap_m_PlanningCalendarHeader_ActionsToolbarHeight_Compact": "3rem",
	"_sap_m_PlanningCalendarHeader_ActionsToolbarHeight": "2.75rem",
	"_sap_m_SinglePlanningCalendarGrid_HoursBackground": "#fefefe",
	"_sap_m_SinglePlanningCalendarGrid_RowHeadersWidth": "4rem",
	"_sap_m_SinglePlanningCalendarGrid_RowHeight": "4.3125rem",
	"_sap_m_SinglePlanningCalendarGrid_CompactRowHeight": "3rem",
	"_sap_m_SinglePlanningCalendar_sapUiCalendarAppType01": "#c35500",
	"_sap_m_SinglePlanningCalendar_sapUiCalendarAppType02": "#d23a0a",
	"_sap_m_SinglePlanningCalendar_sapUiCalendarAppType03": "#df1278",
	"_sap_m_SinglePlanningCalendar_sapUiCalendarAppType04": "#840606",
	"_sap_m_SinglePlanningCalendar_sapUiCalendarAppType05": "#cc00dc",
	"_sap_m_SinglePlanningCalendar_sapUiCalendarAppType06": "#0057d2",
	"_sap_m_SinglePlanningCalendar_sapUiCalendarAppType07": "#07838f",
	"_sap_m_SinglePlanningCalendar_sapUiCalendarAppType08": "#188918",
	"_sap_m_SinglePlanningCalendar_sapUiCalendarAppType09": "#5b738b",
	"_sap_m_SinglePlanningCalendar_sapUiCalendarAppType10": "#7800a4",
	"_sap_m_SinglePlanningCalendar_sapUiCalendarAppType11": "#a93e00",
	"_sap_m_SinglePlanningCalendar_sapUiCalendarAppType12": "#aa2608",
	"_sap_m_SinglePlanningCalendar_sapUiCalendarAppType13": "#ba066c",
	"_sap_m_SinglePlanningCalendar_sapUiCalendarAppType14": "#8d2a00",
	"_sap_m_SinglePlanningCalendar_sapUiCalendarAppType15": "#4e247a",
	"_sap_m_SinglePlanningCalendar_sapUiCalendarAppType16": "#002a86",
	"_sap_m_SinglePlanningCalendar_sapUiCalendarAppType17": "#035663",
	"_sap_m_SinglePlanningCalendar_sapUiCalendarAppType18": "#1e592f",
	"_sap_m_SinglePlanningCalendar_sapUiCalendarAppType19": "#1a4796",
	"_sap_m_SinglePlanningCalendar_sapUiCalendarAppType20": "#470ced",
	"_sap_m_SinglePlanningCalendar_sapUiCalendarAppBackgroundType01": "#ffef9f",
	"_sap_m_SinglePlanningCalendar_sapUiCalendarAppBackgroundType02": "#feeae1",
	"_sap_m_SinglePlanningCalendar_sapUiCalendarAppBackgroundType03": "#fbf6f8",
	"_sap_m_SinglePlanningCalendar_sapUiCalendarAppBackgroundType04": "#fbebeb",
	"_sap_m_SinglePlanningCalendar_sapUiCalendarAppBackgroundType05": "#ffe5fe",
	"_sap_m_SinglePlanningCalendar_sapUiCalendarAppBackgroundType06": "#d1efff",
	"_sap_m_SinglePlanningCalendar_sapUiCalendarAppBackgroundType07": "#c2fcee",
	"_sap_m_SinglePlanningCalendar_sapUiCalendarAppBackgroundType08": "#f5fae5",
	"_sap_m_SinglePlanningCalendar_sapUiCalendarAppBackgroundType09": "#f5f6f7",
	"_sap_m_SinglePlanningCalendar_sapUiCalendarAppBackgroundType10": "#fff0fa",
	"_sap_m_SinglePlanningCalendar_sapUiCalendarAppBackgroundType11": "#fff8d6",
	"_sap_m_SinglePlanningCalendar_sapUiCalendarAppBackgroundType12": "#fff6f6",
	"_sap_m_SinglePlanningCalendar_sapUiCalendarAppBackgroundType13": "#f7ebef",
	"_sap_m_SinglePlanningCalendar_sapUiCalendarAppBackgroundType14": "#f1ecd5",
	"_sap_m_SinglePlanningCalendar_sapUiCalendarAppBackgroundType15": "#f0e7f8",
	"_sap_m_SinglePlanningCalendar_sapUiCalendarAppBackgroundType16": "#ebf8ff",
	"_sap_m_SinglePlanningCalendar_sapUiCalendarAppBackgroundType17": "#dafdf5",
	"_sap_m_SinglePlanningCalendar_sapUiCalendarAppBackgroundType18": "#ebf5cb",
	"_sap_m_SinglePlanningCalendar_sapUiCalendarAppBackgroundType19": "#fafdff",
	"_sap_m_SinglePlanningCalendar_sapUiCalendarAppBackgroundType20": "#eceeff",
	"_sap_m_SplitContainer_AppHeight": "3333px",
	"_sap_m_SplitContainer_HeaderHeight": "68px",
	"_sap_m_SplitContainer_MinHeightForHeader": "3401px",
	"_sap_m_Switch_OnPosition": "-32",
	"_sap_m_Switch_OffPosition": "0",
	"_sap_m_Switch_TransitionTime": "175",
	"_sap_m_Table_SelNavColWidth": "2.75rem",
	"_sap_m_Table_CustomFocusMargin": "0px",
	"_sap_m_Text_TextShadowInTransparentToolbar": "none",
	"_sapMTextAreaPadding": "0.5rem 0.625rem 0.4375rem",
	"_sapMTextAreaPadding_Compact": "0.1875rem 0.5rem 0.125rem",
	"_sapMTextAreaReadonlyPadding": "0.4375rem 0.625rem 0.375rem",
	"_sapMTextAreaReadonlyPadding_Compact": "0.125rem 0.5rem 0.0625rem",
	"_sapMTextAreaValueStateSuccessPadding": "0.5rem 0.625rem 0.4375rem",
	"_sapMTextAreaValueStateSuccessPadding_Compact": "0.1875rem 0.5rem 0.125rem",
	"_sapMTextAreaValueStateInformationPadding": "0.5rem 0.625rem 0.4375rem",
	"_sapMTextAreaValueStateInformationPadding_Compact": "0.1875rem 0.5rem 0.125rem",
	"_sapMTextAreaValueStateErrorWarningPadding": "0.5rem 0.625rem 0.4375rem",
	"_sapMTextAreaValueStateErrorWarningPadding_Compact": "0.1875rem 0.5rem 0.125rem",
	"_sapMTextAreaContentWrapperPadding": "0.0625rem",
	"_sapMTextAreaContentWrapperValueStateSuccessPadding": "0.0625rem",
	"_sapMTextAreaContentWrapperValueStateInformationPadding": "0.0625rem 0.0625rem 0.125rem 0.0625rem",
	"_sapMTextAreaContentWrapperValueStateErrorWarningPadding": "0.0625rem 0.0625rem 0.125rem 0.0625rem",
	"_sap_m_Token_TokenPadding": "0.5rem",
	"_sap_m_Token_TokenCompactPadding": "0.25rem",
	"_sap_m_Token_LeftPadding": "0.3125rem",
	"_sap_m_Token_TokenSize": "1.4375rem",
	"_sap_m_Token_TokenCompactSize": "1rem",
	"_sap_m_Tokenizer_OutlineOffset": "0.3125rem",
	"_sap_m_Tokenizer_Token_MarginRight": "0.375rem",
	"_sap_m_Tokenizer_FontSizeRatioCozy": ".875rem",
	"_sap_m_Tokenizer_FontSizeRatioCompact": "1",
	"_sap_m_Toolbar_ShrinkItem_MinWidth": "2.5rem",
	"_sap_m_Wizard_NavHeight": "4rem",
	"_sap_m_WizardStep_Animation_Duration": "0.4s",
	"_sap_m_WizardProgressNavigator_NavHeight": "4rem",
	"_sap_m_WizardProgressNavigator_ListHeight": "2rem",
	"_sap_m_WizardProgressNavigator_ListItemHeight": "3rem",
	"_sap_m_WizardProgressNavigator_StepWidth": "2rem",
	"_sap_m_WizardProgressNavigator_StepPadding": "0.5rem",
	"_sap_m_WizardProgressNavigator_SmallSeparator": "0.25rem",
	"_sap_m_WizardProgressNavigator_StepUnderlineHeight": "0.188rem",
	"_sap_m_WizardProgressNavigator_StepOverlapOnPhone": "1.75rem",
	"_sap_m_Button_EmphasizedFocusColor": "#355464",
	"_sap_m_Dialog_HeaderShadowColor": "#eaeaea",
	"_sap_m_FeedInput_BackgroundColor": "#e7e7e7",
	"_sap_m_HeaderContainer_TranslucentBackground": "#fefefe",
	"_sap_m_IconTabBar_ArrowScrollPadding": "0.875rem 0.4rem",
	"_sap_m_IconTabBar_SplitContainerArrowScrollPadding": "0.875rem 0.4rem",
	"_sap_m_IconTabBar_Phone_ContentArrowHeight": "0.625rem",
	"_sap_m_IconTabBar_TextHoverColor": "#355464",
	"_sap_m_IconTabBar_SelectedTextColor": "#68a2b9",
	"_sap_m_IconTabBar_SelectedTextHoverColor": "#4b8aa3",
	"_sap_m_IconTabBar_ArrowScroll_AfterHeight": "1px",
	"_sap_m_IconTab_Bar_Separator_Line": "#bcbcbc",
	"_sap_m_ListItemBase_ListTextShadowColor": "none",
	"_sap_m_MessageBox_Shadow": "0 0.125rem 0.125rem 0 rgba(34,53,72,0.05), inset 0 -0.0625rem 0 0 #d8d8d8",
	"_sap_m_NewsContent_HeaderTextColor": "#68a2b9",
	"_sap_m_NewsContent_SubHeaderTextColor": "#68a2b9",
	"_sap_m_ObjectAttribute_ListTextShadowColor": "none",
	"_sap_m_ObjectMarker_LinkShadowColor": "none",
	"_sap_m_RangeSlider_Handle_Height": "1.5rem",
	"_sap_m_RangeSlider_Handle_Width": "2rem",
	"_sap_m_RangeSlider_Handle_Height_Compact": "1.25rem",
	"_sap_m_RangeSlider_Handle_Width_Compact": "1.5rem",
	"_sap_m_SelectListItem_Height": "2.5rem",
	"_sap_m_SelectListItem_CompactHeight": "2rem",
	"_sap_m_SelectListItemBelizeFocus_Height": "0.25rem",
	"_sap_m_StandardListItem_TextShadowColor": "none",
	"_sap_m_StandardListItem_SelectedLabelColor": "#68a2b9",
	"_sap_m_TabStrip_ItemHoverTextColor": "#000",
	"_sap_m_TabStrip_ItemSelectedTextColor": "#000",
	"_sap_m_TileContent_NewsContentBackgroundColor": "rgba(254,254,254,0.96)",
	"_sap_m_TileContent_NewsFooterTextColor": "#68a2b9",
	"_sap_m_TimePicker_ItemColor": "#f6f6f6",
	"_sap_m_TimePicker_ItemHoverColor": "#efefef",
	"_sap_m_TimePicker_ItemBorderColor": "#fefefe",
	"_sap_m_ViewSettingsDialog_HeaderBorderColor": "#eaeaea",
	"_sap_m_WizardProgressNavigator_BoxShadow": "0.0625rem"
}