{
	"_sap_ui_layout_ColumnLayout_formColumnMaxXL": "6",
	"_sap_ui_layout_ColumnLayout_formColumnMaxL": "3",
	"_sap_ui_layout_ColumnLayout_formColumnMaxM": "2",
	"_sap_ui_layout_ColumnLayout_formColumnMaxS": "1",
	"_sap_ui_layout_ColumnLayout_formColumnElementCols": "12",
	"_sap_ui_layout_ColumnLayout_formColumnElementOneCol": "8.33333333%",
	"_sap_ui_layout_Form_FormContainerExpImageURL": "url(\"sap-icon://slim-arrow-right\")",
	"_sap_ui_layout_Form_FormContainerColImageURL": "url(\"sap-icon://slim-arrow-down\")",
	"_sap_ui_layout_FormLayout_FormTitleSize": "H4",
	"_sap_ui_layout_FormLayout_FormSubTitleSize": "H5",
	"_sap_ui_layout_Grid_RespGridCols": "12",
	"_sap_ui_layout_Grid_RespGridCols-1": "11",
	"_sap_ui_layout_Grid_RespGridOneCol": "8.33333333%",
	"_sap_ui_layout_Grid_RespGridMediaPhone": "sapUiRespGridMedia-Std-Phone",
	"_sap_ui_layout_Grid_RespGridMediaTablet": "sapUiRespGridMedia-Std-Tablet",
	"_sap_ui_layout_Grid_RespGridMediaDesktop": "sapUiRespGridMedia-Std-Desktop",
	"_sap_ui_layout_Grid_RespGridMediaXL": "sapUiRespGridMedia-Std-LargeDesktop",
	"_sap_ui_layout_Grid_RespGridMediaPhoneSize": "320px",
	"_sap_ui_layout_Grid_RespGridMediaTabletSize": "600px",
	"_sap_ui_layout_Grid_RespGridMediaDesktopSize": "1024px",
	"_sap_ui_layout_Grid_RespGridMediaXLSize": "1440px",
	"_sap_ui_layout_Grid_RespGridPxInRem": "16",
	"_sap_ui_layout_Grid_RespGridVisible": "sapUiRespGridVisible",
	"_sap_ui_layout_Grid_RespGridHidden": "sapUiRespGridHidden",
	"_sap_ui_layout_CSSGrid_RCLColumns": "S 4,M 8,ML 12,L 12,XL 16,XXL 20,XXXL 20",
	"_sap_ui_layout_ResponsiveSplitter_PaginatorHeight": "2.75rem",
	"_sap_ui_layout_ResponsiveSplitter_PaginatorButtonWidth": "2.25rem",
	"_sap_ui_layout_ResponsiveSplitter_PaginatorButtonHeight": "2.25rem",
	"_sap_ui_layout_ResponsiveSplitter_PaginatorButtonFocusBorderRadius": "inherit",
	"_sap_ui_layout_ResponsiveSplitter_PaginatorSelectedButton": "#68a2b9",
	"_sap_ui_layout_ResponsiveSplitter_PaginatorButtonActive": "#6b6b6b",
	"_sap_ui_layout_ResponsiveSplitter_PaginatorButtonHoverShadow": "inset 0 0 0 0.0625rem rgba(117,117,117,0.25)",
	"_sap_ui_layout_Splitter_BarActiveDecorationColors": "#5797b1, #5797b1",
	"_sap_ui_layout_Splitter_BarDecorationColors": "#d8d8d8, transparent",
	"_sap_ui_layout_Splitter_BarBorder": "0.0625rem solid #d8d8d8",
	"_sap_ui_layout_Splitter_BarHoverIconBorderColor": "transparent",
	"_sap_ui_layout_Splitter_BarHoverIconBackground": "transparent",
	"_sap_ui_layout_Splitter_GripButtonColor": "#757575",
	"_sap_ui_layout_BlockLayoutCell_background": "transparent",
	"_sap_ui_layout_BlockLayout_FontSizeLandXL": "2rem",
	"_sap_ui_layout_BlockLayout_BackgroundDashboardMargin": "0.75rem",
	"_sap_ui_layout_BlockLayout_BackgroundDashboardEdgeChildMargin": "1rem",
	"_sap_ui_layout_BlockLayout_BackgroundDashboardAfterScrollbarMargin": "0.75rem",
	"_sap_ui_layout_BlockLayout_BackgroundDashboardColor": "#fefefe",
	"_sap_ui_layout_BlockLayout_BackgroundDashboardBorderRadius": "0.5rem",
	"_sap_ui_layout_BlockLayout_BackgroundDashboardCellShadow": "0px 0px 0.125rem rgba(91, 115, 139, 0.16), 0px 1rem 2rem rgba(91, 115, 139, 0.16)",
	"_sap_ui_layout_BlockLayout_BackgroundDashboardCellShadowOffset": "1.5rem",
	"_sap_ui_layout_BlockLayout_LinkTextShadow": "none",
	"_sap_ui_layout_BlockLayout_CellTextColor": "#001628",
	"_sap_ui_layout_BlockLayout_BtpGrey1": "#F5F6F7",
	"_sap_ui_layout_BlockLayout_BtpGrey2": "#EAECEE",
	"_sap_ui_layout_BlockLayout_BtpGrey3": "#D5DADD",
	"_sap_ui_layout_BlockLayout_BtpGrey4": "#A9B4BE",
	"_sap_ui_layout_BlockLayout_BtpGrey7": "#475E75",
	"_sap_ui_layout_BlockLayout_BtpGrey9": "#223548",
	"_sap_ui_layout_BlockLayout_BtpTeal7": "#07838F",
	"_sap_ui_layout_BlockLayout_BtpTeal9": "#035663",
	"_sap_ui_layout_BlockLayout_BtpBlue7": "#0070F2",
	"_sap_ui_layout_BlockLayout_BtpBlue9": "#0040B0",
	"_sap_ui_layout_BlockLayout_BtpIndigo7": "#5D36FF",
	"_sap_ui_layout_BlockLayout_BtpIndigo9": "#2C13AD",
	"_sap_ui_layout_BlockLayout_BlockColorAccentType1A": "#FFF8D6",
	"_sap_ui_layout_BlockLayout_BlockColorAccentType1B": "#FFF3B8",
	"_sap_ui_layout_BlockLayout_BlockColorAccentType1C": "#FFDF72",
	"_sap_ui_layout_BlockLayout_BlockColorAccentType1D": "#FFC933",
	"_sap_ui_layout_BlockLayout_BlockColorAccentType1E": "#C35500",
	"_sap_ui_layout_BlockLayout_BlockColorAccentType1F": "#8D2A00",
	"_sap_ui_layout_BlockLayout_BlockColorAccentType2A": "#FFEAF4",
	"_sap_ui_layout_BlockLayout_BlockColorAccentType2B": "#FFD5EA",
	"_sap_ui_layout_BlockLayout_BlockColorAccentType2C": "#FFB2D2",
	"_sap_ui_layout_BlockLayout_BlockColorAccentType2D": "#FF8CB2",
	"_sap_ui_layout_BlockLayout_BlockColorAccentType2E": "#D20A0A",
	"_sap_ui_layout_BlockLayout_BlockColorAccentType2F": "#840606",
	"_sap_ui_layout_BlockLayout_BlockColorAccentType3A": "#FFF0F5",
	"_sap_ui_layout_BlockLayout_BlockColorAccentType3B": "#FFDCE8",
	"_sap_ui_layout_BlockLayout_BlockColorAccentType3C": "#FECBDA",
	"_sap_ui_layout_BlockLayout_BlockColorAccentType3D": "#FEADC8",
	"_sap_ui_layout_BlockLayout_BlockColorAccentType3E": "#DF1278",
	"_sap_ui_layout_BlockLayout_BlockColorAccentType3F": "#9B015D",
	"_sap_ui_layout_BlockLayout_BlockColorAccentType4A": "#FFF0FA",
	"_sap_ui_layout_BlockLayout_BlockColorAccentType4B": "#FFDCF3",
	"_sap_ui_layout_BlockLayout_BlockColorAccentType4C": "#FFAFED",
	"_sap_ui_layout_BlockLayout_BlockColorAccentType4D": "#FF8AF0",
	"_sap_ui_layout_BlockLayout_BlockColorAccentType4E": "#CC00DC",
	"_sap_ui_layout_BlockLayout_BlockColorAccentType4F": "#7800A4",
	"_sap_ui_layout_BlockLayout_BlockColorAccentType5A": "#F1ECFF",
	"_sap_ui_layout_BlockLayout_BlockColorAccentType5B": "#E2D8FF",
	"_sap_ui_layout_BlockLayout_BlockColorAccentType5C": "#D3B6FF",
	"_sap_ui_layout_BlockLayout_BlockColorAccentType5D": "#B894FF",
	"_sap_ui_layout_BlockLayout_BlockColorAccentType5E": "#5D36FF",
	"_sap_ui_layout_BlockLayout_BlockColorAccentType5F": "#2C13AD",
	"_sap_ui_layout_BlockLayout_BlockColorAccentType6A": "#EBF8FF",
	"_sap_ui_layout_BlockLayout_BlockColorAccentType6B": "#D1EFFF",
	"_sap_ui_layout_BlockLayout_BlockColorAccentType6C": "#A6E0FF",
	"_sap_ui_layout_BlockLayout_BlockColorAccentType6D": "#89D1FF",
	"_sap_ui_layout_BlockLayout_BlockColorAccentType6E": "#0070F2",
	"_sap_ui_layout_BlockLayout_BlockColorAccentType6F": "#0040B0",
	"_sap_ui_layout_BlockLayout_BlockColorAccentType7A": "#DAFDF5",
	"_sap_ui_layout_BlockLayout_BlockColorAccentType7B": "#C2FCEE",
	"_sap_ui_layout_BlockLayout_BlockColorAccentType7C": "#85F1DC",
	"_sap_ui_layout_BlockLayout_BlockColorAccentType7D": "#2CE0BF",
	"_sap_ui_layout_BlockLayout_BlockColorAccentType7E": "#07838F",
	"_sap_ui_layout_BlockLayout_BlockColorAccentType7F": "#035663",
	"_sap_ui_layout_BlockLayout_BlockColorAccentType8A": "#F5FAE5",
	"_sap_ui_layout_BlockLayout_BlockColorAccentType8B": "#E5F2BD",
	"_sap_ui_layout_BlockLayout_BlockColorAccentType8C": "#BAE881",
	"_sap_ui_layout_BlockLayout_BlockColorAccentType8D": "#97DD40",
	"_sap_ui_layout_BlockLayout_BlockColorAccentType8E": "#188918",
	"_sap_ui_layout_BlockLayout_BlockColorAccentType8F": "#1E592F",
	"_sap_ui_layout_BlockLayout_BlockColorAccentType9A": "#DBF9FF",
	"_sap_ui_layout_BlockLayout_BlockColorAccentType9B": "#B8F3FF",
	"_sap_ui_layout_BlockLayout_BlockColorAccentType9C": "#7AEAF8",
	"_sap_ui_layout_BlockLayout_BlockColorAccentType9D": "#2DD6EF",
	"_sap_ui_layout_BlockLayout_BlockColorAccentType9E": "#007FA9",
	"_sap_ui_layout_BlockLayout_BlockColorAccentType9F": "#025484",
	"_sap_ui_layout_BlockLayout_BlockColorAccentType10A": "#F5F6F7",
	"_sap_ui_layout_BlockLayout_BlockColorAccentType10B": "#EAECEE",
	"_sap_ui_layout_BlockLayout_BlockColorAccentType10C": "#D5DADD",
	"_sap_ui_layout_BlockLayout_BlockColorAccentType10D": "#A9B4BE",
	"_sap_ui_layout_BlockLayout_BlockColorAccentType10E": "#475E75",
	"_sap_ui_layout_BlockLayout_BlockColorAccentType10F": "#223548",
	"_sap_ui_layout_BlockLayout_BlockColorAccentType11A": "transparent",
	"_sap_ui_layout_BlockLayout_BlockColorAccentType11B": "transparent",
	"_sap_ui_layout_BlockLayout_BlockColorAccentType11C": "transparent",
	"_sap_ui_layout_BlockLayout_BlockColorAccentType11D": "transparent",
	"_sap_ui_layout_BlockLayout_BlockColorAccentType11E": "transparent",
	"_sap_ui_layout_BlockLayout_BlockColorAccentType11F": "transparent",
	"css-param": "\"1A\"",
	"css-selector": "sapUiBlockLayoutCellColor1A",
	"color-param": "\"_sap_ui_layout_BlockLayout_BlockColorAccentType1A\""
}