{
	"_sap_f_Card_BoxShadow": "0 0 0.125rem 0 rgba(34,53,72,0.2), 0 0.125rem 0.25rem 0 rgba(34,53,72,0.2)",
	"_sap_f_Card_HeaderBorder": "0.0625rem solid #cbcbcb",
	"_sap_f_Card_HeaderFocusBorderRadius": "inherit",
	"_sap_f_Card_BorderRadius": "1rem",
	"_sap_f_Card_ContentPadding": "1rem",
	"_sap_f_Card_HeaderFocusBorderBottomOffset": "0px",
	"_sap_f_Card_HeaderFocusBorderTopOffset": "0px",
	"_sap_f_Card_HeaderFocusBorderLeftOffset": "0px",
	"_sap_f_Card_HeaderFocusBorderRightOffset": "0px",
	"_sap_f_Card_Badge_Background": "#5797b1",
	"_sap_f_Card_Badge_Color": "#fefefe",
	"_sap_f_Card_Badge_Border": "0.0625rem solid transparent",
	"_sap_f_Card_TitleFontSize": ".875rem",
	"_sap_f_Card_FocusBorderWidth": "1px",
	"sap_f_Card_Background_Placeholder_Color": "#cbcbcb",
	"sap_f_Card_Placeholder_Gradient": "linear-gradient(to right, #cbcbcb 0%, #cbcbcb 35%, #bebebe 50%, #cbcbcb 65%, #cbcbcb 100%)",
	"_sap_f_DynamicPage_FooterHeight": "3rem",
	"_sap_f_DynamicPage_FooterHeight_Compact": "2.5rem",
	"_sap_f_DynamicPage_FooterMarginBottom": "0.5rem",
	"_sap_f_DynamicPageHeader_PaddingBottom": "1rem",
	"_sap_f_DynamicPageHeader_PinButton_Icon": "pushpin-on",
	"_sap_f_GridListItem_HeaderBoxShadow": "none",
	"_sap_f_GridListItem_Overflow": "hidden",
	"_sap_f_GridListItem_HeaderHeight": "2.75rem",
	"_sap_f_GridListItem_Compact_HeaderHeight": "2rem",
	"_sap_f_GridListItem_FocusedHighlightOffset": "0.5rem",
	"_sap_f_GridListItem_HighlightBorderRadius": "1rem",
	"_sap_f_GridListItem_FocusedHighlightBorderRadius": "1rem 2rem",
	"_sap_f_GridContainer_FocusBorderOffset": "0",
	"_sap_f_FCL_SeparatorWidth": "1rem",
	"_sap_f_FCL_SeparatorActiveDecorationColors": "#5797b1, #5797b1",
	"_sap_f_FCL_SeparatorDecorationColors": "#5797b1, rgba(87,151,177,0)",
	"_sap_f_FCL_SeparatorBorder": "none",
	"_sap_f_FCL_SeparatorHoverIconBorderColor": "transparent",
	"_sap_f_FCL_SeparatorHoverIconBackground": "transparent",
	"_sap_f_FCL_SeparatorButtonColor": "#757575",
	"_sap_f_GridList_ItemFocusBorderRadius": "1rem",
	"_sap_f_GridList_ItemHighlightBorderRadius": "1rem 2rem",
	"_sap_f_GridList_ItemFocusedHighlightOffset": "0.5rem",
	"_sap_f_GridList_ItemOverflow": "hidden",
	"_sap_f_ShellBar_PaddingDesktop": "3rem",
	"_sap_f_ShellBar_PaddingTablet": "2rem",
	"_sap_f_ShellBar_PaddingPhone": "1rem",
	"_sap_f_ShellBar_CoPilotWidth": "3rem",
	"_sap_f_ShellBar_CoPilotHalfWidth": "1.5rem",
	"_sap_f_ShellBar_SearchHalfMaxWidth": "17.5rem",
	"_sap_f_ShellBar_PrimaryTitle_FontSize": ".875rem",
	"_sap_f_ShellBar_SecondTitle_FontSize": ".75rem",
	"_sap_ui_layout_Splitter_BarDecorationColors": "#d8d8d8, transparent",
	"_sap_ui_layout_Splitter_BarActiveDecorationColors": "#5797b1, #5797b1",
	"_sap_f_Card_HoverBoxShadow": "0 0 0 0.0625rem rgba(34,53,72,0.48), 0 0.625rem 1.875rem 0 rgba(34,53,72,0.25)"
}