{
	"_sap_tnt_ToolHeader_Height": "3.25rem",
	"_sap_tnt_ToolHeader_BorderRadius": "0.5rem",
	"_sap_tnt_ToolHeader_BoxShadow": "0 0 0.125rem 0 rgba(34,53,72,0.16), 0 0.5rem 1rem 0 rgba(34,53,72,0.16)",
	"_sap_tnt_ToolHeader_AvatarBackground": "#62c2ff",
	"_sap_tnt_ToolHeader_AvatarColor": "#001628",
	"_sap_tnt_ToolHeader_BorderColor": "#fff",
	"_sap_tnt_ToolHeader_ArrowHeight": "0.125rem",
	"_sap_tnt_ToolHeader_ArrowMargin": "0 -0.25rem",
	"_sap_tnt_ToolHeader_Padding": "0 0.75rem",
	"_sap_tnt_ToolHeader_ArrowMarginBottom": "0.25rem",
	"_sap_tnt_ToolHeader_IconTabHeader_Height": "auto",
	"_sap_tnt_SideNavigation_Width": "16rem",
	"_sap_tnt_SideNavigation_CollapsedWidth": "3.5rem",
	"_sap_tnt_SideNavigation_NavigationSeparatorMargin": "0.5rem",
	"_sap_tnt_SideNavigation_NavigationSeparatorMarginCollapsed": "0.5rem",
	"_sap_tnt_SideNavigation_NavigationSeparatorBackgroundColor": "#d8d8d8",
	"_sap_tnt_SideNavigation_NavigationSeparatorRadius": "0.125rem",
	"_sap_tnt_SideNavigation_NavigationSeparatorHeight": "0.0625rem",
	"_sap_tnt_SideNavigation_TriangleColor": "#969696",
	"_sap_tnt_SideNavigation_BorderRight": "0",
	"_sap_tnt_SideNavigation_BorderRadius": "0.5rem 0.5rem 0 0",
	"_sap_tnt_SideNavigation_PhoneBorderRadius": "0.5rem",
	"_sap_tnt_SideNavigation_BoxShadow": "0 0 0.125rem 0 rgba(34,53,72,0.16), 0 0.5rem 1rem 0 rgba(34,53,72,0.16)",
	"_sap_tnt_SideNavigation_TriangleDisplay": "none",
	"_sap_tnt_SideNavigation_PhoneWidth": "100% !important",
	"_sap_tnt_NavigationList_CollapsedWidth": "3.5rem",
	"_sap_tnt_NavigationList_IconColor": "#001628",
	"_sap_tnt_NavigationList_IconFontSize": "1.125rem",
	"_sap_tnt_NavigationList_ExpandIconColor": "#001628",
	"_sap_tnt_NavigationList_HoverBorderStyleColor": "none",
	"_sap_tnt_NavigationList_HoverBorderWidth": "0",
	"_sap_tnt_NavigationList_GroupBorderStyleColor": "none",
	"_sap_tnt_NavigationList_GroupBorderWidth": "0 0 0.0625rem 0",
	"_sap_tnt_NavigationList_ItemBorderStyleColor": "none",
	"_sap_tnt_NavigationList_ItemBorderWidth": "0",
	"_sap_tnt_NavigationList_ItemHeight": "2.5rem",
	"_sap_tnt_NavigationList_ItemHeightCompact": "2rem",
	"_sap_tnt_NavigationList_LastItemBorderStyleColor": "none",
	"_sap_tnt_NavigationList_ItemBorderRadius": "0.375rem",
	"_sap_tnt_NavigationList_ItemBottomMargin": "0.25rem",
	"_sap_tnt_NavigationList_ItemBottomMarginCompact": "0.25rem",
	"_sap_tnt_NavigationList_ItemTransition": "background-color 0.3s ease-in-out, max-width 0.3s ease-in-out",
	"_sap_tnt_NavigationList_NoIconsGroupPadding": "1rem",
	"_sap_tnt_NavigationList_NoIconsNestedItemPadding": "2rem",
	"_sap_tnt_NavigationList_ItemFocusBorderOffset": "-.125rem",
	"_sap_tnt_NavigationList_ItemFocusBorderRadius": ".5rem",
	"_sap_tnt_NavigationList_Collapsed_SelectedItemBackground": "0 100% / 100% 0.125rem no-repeat linear-gradient(0deg, #68a2b9, #68a2b9),#f2f2f2",
	"_sap_tnt_NavigationList_SelectedItemBorderColor": "#68a2b9",
	"_sap_tnt_NavigationList_SelectedBorderStyleColor": "none",
	"_sap_tnt_NavigationList_SelectedBorderWidth": "0 0 0.0625rem 0",
	"_sap_tnt_NavigationList_SelectedAndFocusedBorderStyleColor": "none",
	"_sap_tnt_NavigationList_Collapsed_SelectedItemBorderStyleColor": "solid #68a2b9",
	"_sap_tnt_NavigationList_Collapsed_SelectedGroupBorderColor": "#68a2b9",
	"_sap_tnt_NavigationList_Collapsed_GroupBorderWidth": "#e4e4e4",
	"_sap_tnt_NavigationList_GroupExpandedBorderWidth": "0 0 0.0625rem 0",
	"_sap_tnt_NavigationList_GroupIconWidth": "2rem",
	"_sap_tnt_NavigationList_GroupTextWeight": "bold",
	"_sap_tnt_NavigationList_GroupBottomMarginInPopup": "0.75rem",
	"_sap_tnt_NavigationList_Padding": "0.5rem",
	"_sap_tnt_NavigationList_PaddingCompact": "1.5rem 0.75rem 0.75rem 0.75rem",
	"_sap_tnt_NavigationList_ParentPopupPadding": "0.75rem",
	"_sap_tnt_NavigationList_ParentPopupBorderRadius": "0.75rem",
	"_sap_tnt_NavigationList_PopupItemPadding": "0 0.5rem",
	"_sap_tnt_NavigationList_PopupIconWidth": "0.5rem",
	"_sap_tnt_NavigationList_PopupBoxShadow": "0 0 0.125rem 0 rgba(34,53,72,0.48), 0 1rem 2rem 0 rgba(34,53,72,0.16)",
	"_sap_tnt_NavigationList_PopupArrowBoxShadow": "0 0 0.125rem 0 rgba(34,53,72,0.48), 0 1rem 2rem 0 rgba(34,53,72,0.16)",
	"_sap_tnt_NavigationList_PopupTitleTextSize": "1.25rem",
	"_sap_tnt_NavigationList_PopupTitleLineHeight": "1.5rem",
	"_sap_tnt_NavigationList_SelectionIndicatorDisplay": "block",
	"_sap_tnt_NavigationList_Collapsed_HoverOrFocusItemPadding": "0.5rem 0.5rem 0.5rem 0.25rem",
	"_sap_tnt_NavigationList_Collapsed_HoverOrFocusItemPaddingCompact": "0.5rem 0.5rem 0.5rem 0",
	"_sap_tnt_NavigationList_Collapsed_HoverOrFocusTextDisplay": "block",
	"_sap_tnt_NavigationList_Collapsed_HoverOrFocusItemZIndex": "1",
	"_sap_tnt_NavigationList_Collapsed_HoverOrFocusItemPosition": "absolute",
	"_sap_tnt_NavigationList_Collapsed_ItemHoverBoxShadow": "0 0 0.125rem 0 rgba(34,53,72,0.16), 0 0.5rem 1rem 0 rgba(34,53,72,0.16)",
	"_sap_tnt_ToolPage_AnimationDuration": "0.3s",
	"_sap_tnt_ToolPage_Paddings": "0.5rem 0.5rem 0 0.5rem",
	"_sap_tnt_ToolPage_PaddingsTablet": "0.5rem",
	"_sap_tnt_ToolPage_PaddingsPhone": "0.25rem",
	"_sap_tnt_ToolPage_Background": "#ededed",
	"_sap_tnt_ToolPage_AsideMargins": "0.5rem 0.5rem 0 0",
	"_sap_tnt_ToolPage_AsideMarginsPhone": "0.25rem 0.25rem 0 0",
	"_sap_tnt_ToolPage_ContentMargins": "0.5rem 0 0 0",
	"_sap_tnt_ToolPage_ContentMarginsPhone": "0.25rem 0 0 0",
	"_sap_tnt_ToolPage_ContentShadow": "0 0 0.125rem 0 rgba(34,53,72,0.16), 0 0.5rem 1rem 0 rgba(34,53,72,0.16)",
	"_sap_tnt_ToolPage_ContentBackgroundStandard": "#f7f7f7",
	"_sap_tnt_ToolPage_ContentBackgroundSolid": "#f7f7f7",
	"_sap_tnt_ToolPage_ContentBackgroundTransparent": "transparent",
	"_sap_tnt_ToolPage_ContentBackgroundList": "#fefefe",
	"_sap_tnt_ToolPage_ContentBorderRadius": "0.5rem 0.5rem 0 0",
	"_sap_tnt_ToolPage_ContentBorderRadiusTabletPhone": "0.5rem",
	"_sap_tnt_ToolPage_AsideCollapsedPhoneTransform": "calc(-100% - 0.25rem)",
	"_sap_tnt_ToolPage_AsideCollapsedPhoneTransformRtl": "calc(100% + 0.25rem)",
	"_sap_tnt_ToolPage_AsidePhoneTop": "-0.4375rem",
	"_sap_tnt_ToolPage_AsidePhoneWidth": "100%",
	"_sap_tnt_InfoLabel_NarrowPadding": "0 0.375rem",
	"_sap_tnt_InfoLabel_LineHeight": "1.375rem",
	"_sap_tnt_InfoLabel_LineHeightDisplayOnly": "1rem",
	"_sap_tnt_InfoLabel_Height": "1.375rem",
	"_sap_tnt_InfoLabel_HeightWithoutBorders": "1.375rem",
	"_sap_tnt_InfoLabel_FontFamily": "\"72-SemiboldDuplex\", \"72-SemiboldDuplexfull\", \"72\", \"72full\", Arial, Helvetica, sans-serif",
	"_sap_tnt_InfoLabel_FontSize": ".875rem",
	"_sap_tnt_InfoLabel_DisplayFontSize": ".75rem",
	"_sap_tnt_InfoLabel_DisplayFontSizeIcon": "0.625rem",
	"_sap_tnt_InfoLabel_Padding": "0 0.375rem",
	"_sap_tnt_InfoLabel_DisplayPadding": "0 0.25rem",
	"_sap_tnt_InfoLabel_IconMargin": "0.25rem",
	"_sap_tnt_InfoLabel_DisplayIconMargin": "0.125rem",
	"_sap_tnt_InfoLabel_PaddingWhenEmpty": "0 1.375rem/2",
	"_sap_tnt_InfoLabel_DisplayModeBorder": "none",
	"_sap_tnt_InfoLabel_DisplayModeBackground": "#EAECEE",
	"_sap_tnt_InfoLabel_DisplayModeColor": "#354A5F",
	"_sap_tnt_InfoLabel_BorderRadius": "0.25rem",
	"_sap_tnt_InfoLabel_DisplayBorderRadius": "0.1875rem",
	"_sap_tnt_InfoLabel_Text": "none",
	"_sap_tnt_InfoLabel_LetterSpacing": "normal",
	"_sap_tnt_InfoLabel_ColorsArray": "#fff3b8 #a45d00,#ffd0e7 #aa0808,#ffdbe7 #ba066c,#ffdcf3 #a100c2,#ded3ff #552cff,#d1efff #0057d2,#c2fcee #046c7a,#ebf5cb #256f3a,#ddccf0 #6c32a9,#eaecee #556b82",
	"pair": "#eaecee #556b82",
	"backgroundColor": "#eaecee",
	"textColor": "#556b82",
	"_sap_tnt_SideNavigation_SeparatorMargin": "0.3125rem 0.5rem 0.3125rem 0.5rem",
	"_sap_tnt_NavigationList_SelectedItemBorder": "none",
	"_sap_tnt_NavigationList_Collapsed_SelectedItemBorder": "0.125rem solid #68a2b9",
	"_sap_tnt_ToolHeader_IconHeight": "0.75rem",
	"_sap_tnt_ToolHeader_DisabledOpacity": "0.4",
	"_sap_tnt_ToolHeader_Shadow": "0 0 0.125rem 0 rgba(34,53,72,0.16), 0 0.5rem 1rem 0 rgba(34,53,72,0.16)"
}