{
	"_sap_ui_table_BaseSize": "2rem",
	"_sap_ui_table_BaseSizeCozy": "3rem",
	"_sap_ui_table_BaseSizeCompact": "2rem",
	"_sap_ui_table_BaseSizeCondensed": "1.5rem",
	"_sap_ui_table_BaseBorderWidth": ".0625rem",
	"_sap_ui_table_ColumnHeaderHeight": "2rem",
	"_sap_ui_table_ColumnHeaderHeightCozy": "3rem",
	"_sap_ui_table_RowHeight": "calc(2rem + .0625rem)",
	"_sap_ui_table_RowHeightCozy": "calc(3rem + .0625rem)",
	"_sap_ui_table_RowHeightCondensed": "calc(1.5rem + .0625rem)",
	"_sap_ui_table_RowHighlightBorderRightWidth": "0.0625rem",
	"_sap_ui_table_RowHighlightIndicatorWidth": "0.375rem",
	"_sap_ui_table_RowHighlightWidth": ".4375rem",
	"_sap_ui_table_NavIndicatorWidth": "0.1875rem",
	"_sap_ui_table_RowSelectorWidth": "2rem",
	"_sap_ui_table_RowSelectorWidthCozy": "3rem",
	"_sap_ui_table_RowSelectorWidthCondensed": "2rem",
	"_sap_ui_table_RowActionItemSize": "1.5rem",
	"_sap_ui_table_RowActionItemSizeCozy": "2rem",
	"_sap_ui_table_RowActionItemSizeCondensed": "calc(1.5rem - 0.125rem)",
	"_sap_ui_table_RowActionPadding": "0.25rem",
	"_sap_ui_table_RowActionColumnWidth": "calc(2 * 1.5rem + 2 * .25rem + 2 * .0625rem)",
	"_sap_ui_table_RowActionColumnWidthCozy": "calc(2 * 2rem + 2 * .25rem + 2 * .0625rem)",
	"_sap_ui_table_RowActionColumnWidthCondensed": "calc(2 * calc(1.5rem - .125rem) + 2 * .25rem + 2 * .0625rem)",
	"_sap_ui_table_RowActionColumnSmallWidth": "calc(1.5rem + 2 * .25rem + 2 * .0625rem)",
	"_sap_ui_table_RowActionColumnSmallWidthCozy": "calc(2rem + 2 * .25rem + 2 * .0625rem)",
	"_sap_ui_table_RowActionColumnSmallWidthCondensed": "calc(calc(1.5rem - .125rem) + 2 * .25rem + 2 * .0625rem)",
	"_sap_ui_table_NavigationIcon": "navigation-right-arrow",
	"_sap_ui_table_DeleteIcon": "decline",
	"_sap_ui_table_ClearSelectionIcon": "clear-all",
	"_sap_ui_table_Table_HeaderHeight": "3rem",
	"_sap_ui_table_Table_HeaderPaddingLeft": "1rem",
	"_sap_ui_table_Table_HeaderPaddingRight": "0.5rem",
	"_sap_ui_table_Table_FooterHeight": "3rem",
	"_sap_ui_table_Table_FooterPaddingLeft": "1rem",
	"_sap_ui_table_Table_FooterPaddingRight": "0.5rem",
	"_sap_ui_table_Table_TableHeaderBorderWidth": ".0625rem",
	"_sap_ui_table_Row_Color": "#001628",
	"_sap_ui_table_Row_ColorHovered": "#001628",
	"_sap_ui_table_Row_AlternateBackground": "#f9f9f9",
	"_sap_ui_table_Row_AlternateBackgroundHovered": "#e5e5e5",
	"_sap_ui_table_Row_AlternateBackgroundSelected": "#ededed",
	"_sap_ui_table_Row_AlternateBackgroundSelectedHovered": "#e5e5e5",
	"_sap_ui_table_Row_NavigationIndicatorColor": "#68a2b9",
	"_sap_ui_table_Cell_FocusOutlineOffset": "calc(-0.125rem - 0.0625rem)",
	"_sap_ui_table_Cell_FocusOutlineOffsetInZoomedChrome": "calc(-0.125rem - 0.0625rem)",
	"_sap_ui_table_Cell_Padding": "0 0.5rem",
	"_sap_ui_table_Cell_TouchMenuIconSize": "1.375rem",
	"_sap_ui_table_Cell_ColumnIconSize": "0.75rem",
	"_sap_ui_table_Cell_BorderColorSelected": "#68a2b9",
	"_sap_ui_table_Cell_BorderColorFixedSelected": "#68a2b9",
	"_sap_ui_table_Cell_ShadowColorFixed": "#989898",
	"_sap_ui_table_Cell_BorderBottomFocus": "transparent",
	"_sap_ui_table_Cell_DummyBorderColor": "#989898",
	"_sap_ui_table_RowHighlight_SuccessColor": "#30914c",
	"_sap_ui_table_RowHighlight_ErrorColor": "#e90b0b",
	"_sap_ui_table_RowHighlight_WarningColor": "#dd6100",
	"_sap_ui_table_RowHighlight_InformationColor": "#2685d9",
	"_sap_ui_table_RowHighlight_Indication01Color": "#840606",
	"_sap_ui_table_RowHighlight_Indication02Color": "#aa0808",
	"_sap_ui_table_RowHighlight_Indication03Color": "#b95100",
	"_sap_ui_table_RowHighlight_Indication04Color": "#256f3a",
	"_sap_ui_table_RowHighlight_Indication05Color": "#0070f2",
	"_sap_ui_table_RowHighlight_Indication06Color": "#046c7a",
	"_sap_ui_table_RowHighlight_Indication07Color": "#5d36ff",
	"_sap_ui_table_RowHighlight_Indication08Color": "#a100c2",
	"_sap_ui_table_RowSelection_CheckBoxSize": "1rem",
	"_sap_ui_table_RowSelection_CheckBoxSizeCozy": "1.375rem",
	"_sap_ui_table_RowSelection_CheckBoxBorderWidth": "0.0625rem",
	"_sap_ui_table_RowSelection_CheckBoxBorderRadius": ".25rem",
	"_sap_ui_table_RowSelection_CheckBoxBorderRadiusCozy": ".25rem",
	"_sap_ui_table_RowSelection_CheckBoxBorderColor": "#757575",
	"_sap_ui_table_RowSelection_CheckBoxBorderColorHovered": "#5797b1",
	"_sap_ui_table_RowSelection_CheckBoxIconSize": "0.625rem",
	"_sap_ui_table_RowSelection_CheckBoxIconSizeCozy": "1rem",
	"_sap_ui_table_RowSelection_CheckBoxIconColor": "#68a2b9",
	"_sap_ui_table_Scrolling_ScrollbarSize": "16px",
	"_sap_ui_table_Scrolling_ScrollbarSizeMobile": "8px",
	"_sap_ui_table_Scrolling_HScrollbarHeight": "16px",
	"_sap_ui_table_Scrolling_HScrollbarHeightMobile": "8px",
	"_sap_ui_table_Scrolling_VScrollbarWidth": "calc(16px + .0625rem)",
	"_sap_ui_table_Scrolling_VScrollbarWidthMobile": "calc(8px + .0625rem)",
	"_sap_ui_table_Scrolling_ScrollbarBackground": "#fefefe",
	"_sap_ui_table_DragDrop_ColumnDnDHighlightColor": "#5797b1",
	"_sap_ui_table_DragDrop_ReorderIndicatorWidth": "2px",
	"_sap_ui_table_Grouping_GroupIconHeight": "calc(2rem + .0625rem)",
	"_sap_ui_table_Grouping_GroupIconHeightCozy": "calc(3rem + .0625rem)",
	"_sap_ui_table_Grouping_GroupIconHeightCondensed": "calc(1.5rem + .0625rem)",
	"_sap_ui_table_Grouping_GroupHeaderBackground": "#f2f2f2",
	"_sap_ui_table_Grouping_GroupHeaderFadingWidth": "40px",
	"_sap_ui_table_Grouping_GroupOutlineWidth": ".125rem",
	"_sap_ui_table_Grouping_GroupIconBorderWidth": ".0625rem",
	"_sap_ui_table_Grouping_GroupIconFontSize": ".875rem",
	"_sap_ui_table_Grouping_TreeIconFontSize": "0.75rem",
	"_sap_ui_table_Grouping_TreeIconFontSizeCozy": "1rem"
}