{
	"zipInfo": {
		"creatorName": "Theming Engine",
		"creatorVersion": "14.0.24",
		"created": "2024-11-06T00:05:15Z",
		"lessVersion": "^4.2.0",
		"compression": "none",
		"exportMode": "ALL"
	},
	"contentInfo": {
		"sourcePath": "https://b8e8a524trial.launchpad.cfapps.us10.hana.ondemand.com/comsapuitheming.themedesigner/theming-repository/sap-themes/~v=Base:11.20.0,UR:10.30.7.400008.0,UI5:1.120.21",
		"frameworks": {
			"UI5": {
				"version": "1.120.21"
			},
			"Base": {
				"version": "11.20.0"
			}
		},
		"libraries": {
			"UI5.sap/ca/ui": {
				"version": "1.120.1"
			},
			"UI5.sap/collaboration": {
				"version": "1.120.0"
			},
			"UI5.sap/esh/search/ui": {
				"version": "1.120.3"
			},
			"UI5.sap/f": {
				"version": "1.120.21"
			},
			"UI5.sap/fe/placeholder": {
				"version": "1.120.16"
			},
			"UI5.sap/fiori": {
				"version": "1.120.21"
			},
			"UI5.sap/gantt": {
				"version": "1.120.11"
			},
			"UI5.sap/insights": {
				"version": "1.120.10"
			},
			"UI5.sap/m": {
				"version": "1.120.21"
			},
			"UI5.sap/makit": {
				"version": "1.120.21"
			},
			"UI5.sap/me": {
				"version": "1.120.21"
			},
			"UI5.sap/ovp": {
				"version": "1.120.14"
			},
			"UI5.sap/rules/ui": {
				"version": "1.120.1"
			},
			"UI5.sap/sac/df": {
				"version": "1.120.7"
			},
			"UI5.sap/suite/ui/commons": {
				"version": "1.120.10"
			},
			"UI5.sap/suite/ui/generic/template": {
				"version": "1.120.19"
			},
			"UI5.sap/suite/ui/microchart": {
				"version": "1.120.21"
			},
			"UI5.sap/tnt": {
				"version": "1.120.21"
			},
			"UI5.sap/ui/codeeditor": {
				"version": "1.120.21"
			},
			"UI5.sap/ui/commons": {
				"version": "1.120.21"
			},
			"UI5.sap/ui/comp": {
				"version": "1.120.21"
			},
			"UI5.sap/ui/core": {
				"version": "1.120.21"
			},
			"UI5.sap/ui/dt": {
				"version": "1.120.21"
			},
			"UI5.sap/ui/export": {
				"version": "1.120.21"
			},
			"UI5.sap/ui/fl": {
				"version": "1.120.21"
			},
			"UI5.sap/ui/integration": {
				"version": "1.120.21"
			},
			"UI5.sap/ui/layout": {
				"version": "1.120.21"
			},
			"UI5.sap/ui/mdc": {
				"version": "1.120.21"
			},
			"UI5.sap/ui/richtexteditor": {
				"version": "1.120.21"
			},
			"UI5.sap/ui/rta": {
				"version": "1.120.21"
			},
			"UI5.sap/ui/suite": {
				"version": "1.120.21"
			},
			"UI5.sap/ui/table": {
				"version": "1.120.21"
			},
			"UI5.sap/ui/unified": {
				"version": "1.120.21"
			},
			"UI5.sap/ui/ux3": {
				"version": "1.120.21"
			},
			"UI5.sap/ui/vbm": {
				"version": "1.120.1"
			},
			"UI5.sap/ui/vk": {
				"version": "1.120.4"
			},
			"UI5.sap/ui/vtm": {
				"version": "1.120.0"
			},
			"UI5.sap/uiext/inbox": {
				"version": "1.120.21"
			},
			"UI5.sap/ushell": {
				"version": "1.120.20"
			},
			"UI5.sap/uxap": {
				"version": "1.120.21"
			},
			"UI5.sap/viz": {
				"version": "1.120.21"
			},
			"UI5.sap/zen/commons": {
				"version": "1.120.7"
			},
			"UI5.sap/zen/crosstab": {
				"version": "1.120.7"
			},
			"UI5.sap/zen/dsh": {
				"version": "1.120.7"
			},
			"Base.baseLib": {
				"version": "11.20.0"
			}
		},
		"themes": {
			"dxpdemo_kraken_dark": {
				"id": "dxpdemo_kraken_dark",
				"extends": "sap_horizon_dark",
				"label": "DXP Demo Kraken Dark 1.120",
				"vendor": "Neptune Software",
				"textDirections": "LTR"
			}
		}
	}
}